Air Force Falcons,Northern Colorado,A,L,46,70
Air Force Falcons,Charleston Southern,A,W,68,58
Air Force Falcons,Missouri State,H,L,48,58
Air Force Falcons,Prairie View,A,W,75,41
Air Force Falcons,Washington State,A,L,68,75
Air Force Falcons,Northern Arizona,A,L,52,60
Air Force Falcons,UC-Davis,A,W,69,57
Air Force Falcons,Niagara,N,W,77,71
Air Force Falcons,Texas-El Paso,H,L,47,58
Air Force Falcons,Texas-Rio Grande Valley,A,W,72,65
Air Force Falcons,Texas Christian,H,L,50,59
Air Force Falcons,Colorado State,H,L,48,70
Air Force Falcons,Brigham Young,A,L,49,67
Air Force Falcons,New Mexico,A,L,50,73
Air Force Falcons,Utah,H,L,54,71
Air Force Falcons,Nevada-Las Vegas,H,L,50,60
Air Force Falcons,Wyoming,A,W,70,63
Air Force Falcons,San Diego State,H,L,48,70
Air Force Falcons,Texas Christian,A,L,51,65
Air Force Falcons,Colorado State,A,L,47,51
Air Force Falcons,Brigham Young,H,L,48,91
Air Force Falcons,New Mexico,H,L,56,59
Air Force Falcons,Utah,A,L,43,54
Air Force Falcons,Nevada-Las Vegas,A,L,47,77
Air Force Falcons,Wyoming,H,L,49,58
Air Force Falcons,San Diego State,A,L,42,61
Air Force Falcons,Wyoming,N,W,59,40
Air Force Falcons,New Mexico,N,L,69,75
Akron Zips,Austin Peay,A,L,77,80
Akron Zips,North Carolina State,N,L,45,66
Akron Zips,Drake,N,W,63,59
Akron Zips,Howard,N,W,69,52
Akron Zips,Arkansas-Pine Bluff,A,W,68,65
Akron Zips,Niagara,A,W,80,68
Akron Zips,Texas A&M,H,L,62,74
Akron Zips,North Carolina-Greensboro,A,W,83,59
Akron Zips,Saint Francis (PA),A,W,80,51
Akron Zips,Illinois-Chicago,A,W,77,65
Akron Zips,Valparaiso,A,W,77,57
Akron Zips,Wyoming,H,W,85,76
Akron Zips,Rhode Island,A,L,63,68
Akron Zips,Bowling Green State,A,W,71,45
Akron Zips,Ohio,H,W,67,62
Akron Zips,Buffalo,H,L,65,78
Akron Zips,Miami (OH),A,W,69,49
Akron Zips,Kent State,H,L,70,87
Akron Zips,Western Michigan,H,W,79,70
Akron Zips,Toledo,A,W,59,45
Akron Zips,Eastern Michigan,A,L,59,62
Akron Zips,Northern Illinois,A,W,90,76
Akron Zips,Ball State,H,W,75,70
Akron Zips,Central Michigan,H,W,56,52
Akron Zips,Ohio,A,W,91,88
Akron Zips,Miami (OH),H,W,61,56
Akron Zips,Virginia Commonwealth,H,L,53,70
Akron Zips,Buffalo,A,W,77,67
Akron Zips,Bowling Green State,H,W,74,68
Akron Zips,Kent State,A,L,61,74
Akron Zips,Eastern Michigan,N,W,97,89
Akron Zips,Western Michigan,N,W,66,64
Akron Zips,Ohio,N,L,75,81
Akron Zips,Green Bay,A,L,66,70
Alabama A&M Bulldogs,South Carolina,H,L,50,88
Alabama A&M Bulldogs,Auburn,N,L,52,87
Alabama A&M Bulldogs,Tennessee State,H,L,77,80
Alabama A&M Bulldogs,Florida State,H,L,34,81
Alabama A&M Bulldogs,Jackson State,H,L,60,71
Alabama A&M Bulldogs,Grambling,H,L,62,64
Alabama A&M Bulldogs,Arkansas-Pine Bluff,A,L,72,82
Alabama A&M Bulldogs,Mississippi Valley State,A,W,72,56
Alabama A&M Bulldogs,Alabama State,H,L,69,83
Alabama A&M Bulldogs,Southern,H,W,70,63
Alabama A&M Bulldogs,Alcorn State,H,W,84,70
Alabama A&M Bulldogs,Prairie View,A,W,59,54
Alabama A&M Bulldogs,Texas Southern,A,L,62,67
Alabama A&M Bulldogs,Arkansas-Pine Bluff,H,L,55,62
Alabama A&M Bulldogs,Mississippi Valley State,H,W,77,69
Alabama A&M Bulldogs,Alabama State,A,L,76,80
Alabama A&M Bulldogs,Southern,A,W,65,54
Alabama A&M Bulldogs,Alcorn State,A,W,72,60
Alabama A&M Bulldogs,Prairie View,H,L,53,62
Alabama A&M Bulldogs,Texas Southern,H,L,57,98
Alabama A&M Bulldogs,Jackson State,A,L,64,70
Alabama A&M Bulldogs,Grambling,A,W,81,60
Alabama A&M Bulldogs,Alabama State,N,L,45,56
Alabama Crimson Tide,Cornell,A,L,67,71
Alabama Crimson Tide,Jackson State,A,W,86,69
Alabama Crimson Tide,Providence,A,W,84,75
Alabama Crimson Tide,Baylor,N,W,79,76
Alabama Crimson Tide,Florida State,N,L,51,60
Alabama Crimson Tide,Michigan,N,W,68,66
Alabama Crimson Tide,North Florida,A,W,73,51
Alabama Crimson Tide,Louisiana-Monroe,A,W,74,46
Alabama Crimson Tide,Purdue,A,L,65,73
Alabama Crimson Tide,Samford,A,W,60,45
Alabama Crimson Tide,Kansas State,N,L,74,87
Alabama Crimson Tide,Mercer,A,W,90,71
Alabama Crimson Tide,Tennessee State,A,W,77,65
Alabama Crimson Tide,Toledo,H,W,67,50
Alabama Crimson Tide,Louisiana State,H,W,66,49
Alabama Crimson Tide,Vanderbilt,A,L,64,65
Alabama Crimson Tide,Arkansas,H,L,59,71
Alabama Crimson Tide,Tennessee,A,L,56,63
Alabama Crimson Tide,Mississippi State,A,W,62,57
Alabama Crimson Tide,Louisiana State,A,W,57,38
Alabama Crimson Tide,Auburn,H,L,57,58
Alabama Crimson Tide,Florida,A,L,65,66
Alabama Crimson Tide,Mississippi,H,L,67,74
Alabama Crimson Tide,Kentucky,H,L,55,66
Alabama Crimson Tide,Arkansas,A,W,73,68
Alabama Crimson Tide,Georgia,H,L,70,76
Alabama Crimson Tide,Mississippi State,H,L,66,74
Alabama Crimson Tide,Mississippi,A,L,73,76
Alabama Crimson Tide,South Carolina,H,W,79,70
Alabama Crimson Tide,Auburn,A,W,73,61
Alabama Crimson Tide,South Carolina,N,W,68,63
Alabama Crimson Tide,Kentucky,N,L,67,73
Alabama State Hornets,Mississippi,H,L,53,90
Alabama State Hornets,Belmont,H,L,42,78
Alabama State Hornets,Tulane,H,L,55,82
Alabama State Hornets,DePaul,H,L,50,58
Alabama State Hornets,Evansville,H,L,57,61
Alabama State Hornets,Southern Illinois,H,L,63,82
Alabama State Hornets,Arkansas,H,L,51,76
Alabama State Hornets,Auburn,H,L,78,94
Alabama State Hornets,Grambling,H,W,70,55
Alabama State Hornets,Jackson State,H,L,62,63
Alabama State Hornets,Mississippi Valley State,A,L,73,76
Alabama State Hornets,Arkansas-Pine Bluff,A,W,75,73
Alabama State Hornets,Alabama A&M,A,W,83,69
Alabama State Hornets,Alcorn State,H,W,69,62
Alabama State Hornets,Southern,H,W,77,60
Alabama State Hornets,Texas Southern,A,W,62,61
Alabama State Hornets,Prairie View,A,L,55,56
Alabama State Hornets,Mississippi Valley State,H,L,71,82
Alabama State Hornets,Arkansas-Pine Bluff,H,L,42,47
Alabama State Hornets,Alabama A&M,H,W,80,76
Alabama State Hornets,Alcorn State,A,W,91,64
Alabama State Hornets,Southern,A,W,73,64
Alabama State Hornets,Texas Southern,H,W,69,61
Alabama State Hornets,Prairie View,H,W,52,43
Alabama State Hornets,Grambling,A,W,81,76
Alabama State Hornets,Jackson State,A,L,59,60
Alabama State Hornets,Alabama A&M,N,W,56,45
Alabama State Hornets,Arkansas-Pine Bluff,N,L,44,46
Alabama-Birmingham Blazers,Green Bay,N,W,68,56
Alabama-Birmingham Blazers,Kent State,H,L,65,72
Alabama-Birmingham Blazers,Samford,N,W,55,52
Alabama-Birmingham Blazers,Jacksonville State,H,W,87,62
Alabama-Birmingham Blazers,Georgia,A,W,72,56
Alabama-Birmingham Blazers,Troy,A,W,77,59
Alabama-Birmingham Blazers,Florida A&M,A,W,90,59
Alabama-Birmingham Blazers,Middle Tennessee,A,W,65,64
Alabama-Birmingham Blazers,East Tennessee State,A,W,74,52
Alabama-Birmingham Blazers,Cincinnati,A,W,64,47
Alabama-Birmingham Blazers,South Alabama,H,W,72,54
Alabama-Birmingham Blazers,Butler,A,W,67,57
Alabama-Birmingham Blazers,Virginia,H,L,63,72
Alabama-Birmingham Blazers,Arkansas,H,W,73,72
Alabama-Birmingham Blazers,East Carolina,A,W,76,68
Alabama-Birmingham Blazers,Tulane,H,W,58,49
Alabama-Birmingham Blazers,Southern Methodist,H,W,63,62
Alabama-Birmingham Blazers,Southern Mississippi,A,W,57,56
Alabama-Birmingham Blazers,Marshall,H,W,61,59
Alabama-Birmingham Blazers,Tulsa,A,W,65,55
Alabama-Birmingham Blazers,Texas-El Paso,A,L,65,74
Alabama-Birmingham Blazers,Memphis,H,L,75,85
Alabama-Birmingham Blazers,Rice,H,W,76,65
Alabama-Birmingham Blazers,Marshall,A,L,74,81
Alabama-Birmingham Blazers,Southern Mississippi,H,W,59,54
Alabama-Birmingham Blazers,Houston,A,W,75,66
Alabama-Birmingham Blazers,Central Florida,H,W,53,49
Alabama-Birmingham Blazers,Tulane,A,W,76,55
Alabama-Birmingham Blazers,Memphis,A,L,65,70
Alabama-Birmingham Blazers,Texas-El Paso,H,L,50,52
Alabama-Birmingham Blazers,Southern Mississippi,N,L,44,58
Alabama-Birmingham Blazers,Coastal Carolina,A,W,65,49
Alabama-Birmingham Blazers,North Carolina State,A,W,72,52
Alabama-Birmingham Blazers,North Carolina,A,L,55,60
Albany (NY) Great Danes,Syracuse,H,L,43,75
Albany (NY) Great Danes,Morgan State,A,L,65,69
Albany (NY) Great Danes,American,H,W,51,50
Albany (NY) Great Danes,Alcorn State,A,W,71,55
Albany (NY) Great Danes,Detroit Mercy,A,L,54,66
Albany (NY) Great Danes,Robert Morris,A,W,71,66
Albany (NY) Great Danes,Central Florida,H,L,72,76
Albany (NY) Great Danes,Florida Atlantic,H,L,65,81
Albany (NY) Great Danes,Siena,H,L,54,83
Albany (NY) Great Danes,Pennsylvania,H,W,78,60
Albany (NY) Great Danes,Central Connecticut State,H,L,68,70
Albany (NY) Great Danes,Iona,H,L,62,75
Albany (NY) Great Danes,Loyola (IL),H,L,56,68
Albany (NY) Great Danes,North Carolina,H,L,70,87
Albany (NY) Great Danes,Yale,A,W,89,68
Albany (NY) Great Danes,Binghamton,A,L,57,62
Albany (NY) Great Danes,Vermont,A,L,54,71
Albany (NY) Great Danes,New Hampshire,H,L,59,67
Albany (NY) Great Danes,Maryland-Baltimore County,A,W,76,69
Albany (NY) Great Danes,Boston University,H,L,58,79
Albany (NY) Great Danes,Maine,A,L,54,63
Albany (NY) Great Danes,Stony Brook,H,L,61,67
Albany (NY) Great Danes,Hartford,A,L,62,64
Albany (NY) Great Danes,Vermont,H,L,46,64
Albany (NY) Great Danes,Binghamton,H,L,73,78
Albany (NY) Great Danes,Boston University,A,L,53,68
Albany (NY) Great Danes,New Hampshire,A,L,53,62
Albany (NY) Great Danes,Maryland-Baltimore County,H,W,75,62
Albany (NY) Great Danes,Stony Brook,A,L,66,68
Albany (NY) Great Danes,Maine,H,L,53,66
Albany (NY) Great Danes,Hartford,H,L,79,85
Albany (NY) Great Danes,Stony Brook,N,L,59,68
Alcorn State Braves,Ohio State,H,L,60,100
Alcorn State Braves,Arkansas,H,L,68,130
Alcorn State Braves,Louisiana-Monroe,H,L,66,82
Alcorn State Braves,Albany (NY),H,L,55,71
Alcorn State Braves,Robert Morris,N,L,76,107
Alcorn State Braves,Detroit Mercy,N,L,59,79
Alcorn State Braves,South Alabama,H,L,67,83
Alcorn State Braves,Utah Valley,N,L,53,68
Alcorn State Braves,Wichita State,H,L,52,87
Alcorn State Braves,Kansas,H,L,31,98
Alcorn State Braves,Texas-El Paso,H,L,41,101
Alcorn State Braves,New Mexico State,H,L,72,97
Alcorn State Braves,Central Michigan,A,L,64,68
Alcorn State Braves,Texas Southern,H,L,56,89
Alcorn State Braves,Prairie View,H,L,60,82
Alcorn State Braves,Grambling,A,L,74,82
Alcorn State Braves,Mississippi Valley State,H,L,70,80
Alcorn State Braves,Arkansas-Pine Bluff,H,L,59,93
Alcorn State Braves,Alabama State,A,L,62,69
Alcorn State Braves,Alabama A&M,A,L,70,84
Alcorn State Braves,Jackson State,A,L,51,63
Alcorn State Braves,Southern,H,L,75,84
Alcorn State Braves,Jackson State,H,L,64,85
Alcorn State Braves,Grambling,H,L,58,73
Alcorn State Braves,Mississippi Valley State,A,W,55,54
Alcorn State Braves,Arkansas-Pine Bluff,A,L,45,59
Alcorn State Braves,Alabama State,H,L,64,91
Alcorn State Braves,Alabama A&M,H,L,60,72
Alcorn State Braves,Southern,A,L,57,60
Alcorn State Braves,Texas Southern,A,L,67,84
Alcorn State Braves,Prairie View,A,W,69,67
American Eagles,Saint Francis (PA),H,L,61,65
American Eagles,Albany (NY),A,L,50,51
American Eagles,Mount St. Mary's,A,L,62,73
American Eagles,Florida Atlantic,A,L,69,81
American Eagles,Fairfield,A,L,56,72
American Eagles,Manhattan,A,L,62,69
American Eagles,Maryland-Eastern Shore,H,L,58,65
American Eagles,Howard,A,W,59,53
American Eagles,Georgetown,H,L,46,73
American Eagles,DePaul,H,W,62,57
American Eagles,Maryland-Baltimore County,A,L,57,59
American Eagles,Penn State,H,L,57,76
American Eagles,Florida,H,L,60,76
American Eagles,Brown,H,W,76,68
American Eagles,Columbia,H,L,51,56
American Eagles,Lehigh,H,L,67,78
American Eagles,Bucknell,H,L,68,72
American Eagles,Colgate,A,W,73,63
American Eagles,Army,H,L,48,68
American Eagles,Holy Cross,A,W,71,64
American Eagles,Navy,A,W,69,59
American Eagles,Lafayette,H,W,76,66
American Eagles,Lehigh,A,L,65,77
American Eagles,Bucknell,A,L,59,73
American Eagles,Colgate,H,L,74,75
American Eagles,Army,A,W,57,54
American Eagles,Holy Cross,H,L,51,64
American Eagles,Navy,H,W,80,77
American Eagles,Lafayette,A,W,78,60
American Eagles,Navy,A,W,62,60
American Eagles,Lehigh,H,L,57,79
Appalachian State Mountaineers,North Carolina-Wilmington,A,W,79,68
Appalachian State Mountaineers,East Tennessee State,H,L,58,62
Appalachian State Mountaineers,Arkansas,H,L,72,81
Appalachian State Mountaineers,Louisville,H,L,53,80
Appalachian State Mountaineers,Morgan State,A,W,93,92
Appalachian State Mountaineers,Winthrop,A,W,70,51
Appalachian State Mountaineers,Furman,A,L,82,85
Appalachian State Mountaineers,Wofford,H,W,77,76
Appalachian State Mountaineers,Robert Morris,H,W,65,52
Appalachian State Mountaineers,Dayton,H,L,49,65
Appalachian State Mountaineers,Campbell,H,L,63,92
Appalachian State Mountaineers,Citadel,A,L,58,62
Appalachian State Mountaineers,Davidson,H,W,78,68
Appalachian State Mountaineers,Elon,A,W,89,65
Appalachian State Mountaineers,North Carolina-Greensboro,A,W,72,64
Appalachian State Mountaineers,Georgia Southern,H,L,65,68
Appalachian State Mountaineers,Western Carolina,A,W,87,74
Appalachian State Mountaineers,Samford,H,W,68,55
Appalachian State Mountaineers,Chattanooga,H,L,80,85
Appalachian State Mountaineers,Western Carolina,H,W,89,77
Appalachian State Mountaineers,North Carolina-Greensboro,H,W,75,69
Appalachian State Mountaineers,Davidson,A,W,66,56
Appalachian State Mountaineers,Georgia Southern,A,W,111,83
Appalachian State Mountaineers,College of Charleston,H,L,72,73
Appalachian State Mountaineers,Tennessee Tech,A,W,81,68
Appalachian State Mountaineers,Elon,H,W,58,54
Appalachian State Mountaineers,Chattanooga,A,W,80,74
Appalachian State Mountaineers,Samford,A,W,82,68
Appalachian State Mountaineers,Citadel,N,W,71,61
Appalachian State Mountaineers,College of Charleston,N,W,77,54
Appalachian State Mountaineers,Wofford,N,L,51,56
Appalachian State Mountaineers,Harvard,A,W,93,71
Appalachian State Mountaineers,Marshall,H,W,80,72
Appalachian State Mountaineers,Pacific,A,L,56,64
Arizona State Sun Devils,Western Illinois,A,W,87,35
Arizona State Sun Devils,Texas State,A,W,84,62
Arizona State Sun Devils,Texas Christian,A,W,52,49
Arizona State Sun Devils,San Francisco,A,W,104,65
Arizona State Sun Devils,Duke,N,L,53,64
Arizona State Sun Devils,Louisiana State,N,W,71,52
Arizona State Sun Devils,Arkansas-Pine Bluff,A,W,74,57
Arizona State Sun Devils,Baylor,A,L,61,64
Arizona State Sun Devils,Brigham Young,H,L,68,81
Arizona State Sun Devils,Delaware State,A,W,76,34
Arizona State Sun Devils,San Diego State,A,W,55,52
Arizona State Sun Devils,UC-Santa Barbara,A,W,69,42
Arizona State Sun Devils,UCLA,H,L,70,72
Arizona State Sun Devils,Southern California,H,L,37,47
Arizona State Sun Devils,Washington,A,W,68,51
Arizona State Sun Devils,Washington State,A,W,71,46
Arizona State Sun Devils,Oregon,H,W,76,57
Arizona State Sun Devils,Oregon State,H,W,66,57
Arizona State Sun Devils,Arizona,A,L,58,77
Arizona State Sun Devils,University of California,A,L,70,78
Arizona State Sun Devils,Stanford,A,W,88,70
Arizona State Sun Devils,Washington State,H,W,81,70
Arizona State Sun Devils,Washington,H,L,56,79
Arizona State Sun Devils,Oregon State,A,W,56,46
Arizona State Sun Devils,Oregon,A,W,61,51
Arizona State Sun Devils,Arizona,H,W,73,69
Arizona State Sun Devils,Stanford,H,W,68,60
Arizona State Sun Devils,University of California,H,L,46,62
Arizona State Sun Devils,Southern California,A,W,59,54
Arizona State Sun Devils,UCLA,A,W,56,46
Arizona State Sun Devils,Stanford,N,L,61,70
Arizona State Sun Devils,Jacksonville,A,L,66,67
Arizona Wildcats,Northern Arizona,A,W,87,70
Arizona Wildcats,Rice,A,W,66,49
Arizona Wildcats,Wisconsin,N,L,61,65
Arizona Wildcats,Colorado,N,W,91,87
Arizona Wildcats,Vanderbilt,N,L,72,84
Arizona Wildcats,Nevada-Las Vegas,A,L,72,74
Arizona Wildcats,Oklahoma,H,L,62,79
Arizona Wildcats,Louisiana Tech,A,W,83,67
Arizona Wildcats,San Diego State,H,L,46,63
Arizona Wildcats,Lipscomb,A,W,83,82
Arizona Wildcats,North Carolina State,A,W,76,74
Arizona Wildcats,Brigham Young,A,L,69,99
Arizona Wildcats,Southern California,H,L,50,56
Arizona Wildcats,UCLA,H,W,77,63
Arizona Wildcats,Washington State,A,L,76,78
Arizona Wildcats,Washington,A,W,87,70
Arizona Wildcats,Oregon State,H,L,64,67
Arizona Wildcats,Oregon,H,W,74,60
Arizona Wildcats,Arizona State,H,W,77,58
Arizona Wildcats,Stanford,A,W,76,68
Arizona Wildcats,University of California,A,W,76,72
Arizona Wildcats,Washington,H,L,75,81
Arizona Wildcats,Washington State,H,L,60,78
Arizona Wildcats,Oregon,A,W,70,57
Arizona Wildcats,Oregon State,A,L,55,63
Arizona Wildcats,Arizona State,A,L,69,73
Arizona Wildcats,University of California,H,L,71,95
Arizona Wildcats,Stanford,H,W,71,69
Arizona Wildcats,UCLA,A,W,78,73
Arizona Wildcats,Southern California,A,W,86,84
Arizona Wildcats,UCLA,N,L,69,75
Arkansas Razorbacks,Alcorn State,A,W,130,68
Arkansas Razorbacks,Louisville,N,L,66,96
Arkansas Razorbacks,Appalachian State,A,W,81,72
Arkansas Razorbacks,Morgan State,A,L,94,97
Arkansas Razorbacks,East Tennessee State,A,L,85,94
Arkansas Razorbacks,South Alabama,A,L,61,74
Arkansas Razorbacks,Oklahoma,H,L,47,67
Arkansas Razorbacks,Mississippi Valley State,A,W,91,54
Arkansas Razorbacks,Delaware State,A,W,71,53
Arkansas Razorbacks,Alabama State,A,W,76,51
Arkansas Razorbacks,Stephen F. Austin,A,W,72,69
Arkansas Razorbacks,Missouri State,A,W,66,62
Arkansas Razorbacks,Baylor,N,L,47,70
Arkansas Razorbacks,Alabama-Birmingham,A,L,72,73
Arkansas Razorbacks,Texas,A,L,85,96
Arkansas Razorbacks,Mississippi State,H,L,80,82
Arkansas Razorbacks,Alabama,A,W,71,59
Arkansas Razorbacks,Florida,A,L,66,71
Arkansas Razorbacks,Kentucky,H,L,70,101
Arkansas Razorbacks,Mississippi State,A,W,67,62
Arkansas Razorbacks,Mississippi,H,W,80,73
Arkansas Razorbacks,Georgia,H,W,72,68
Arkansas Razorbacks,Auburn,A,W,82,79
Arkansas Razorbacks,Louisiana State,A,W,87,52
Arkansas Razorbacks,Alabama,H,L,68,73
Arkansas Razorbacks,South Carolina,A,W,92,79
Arkansas Razorbacks,Auburn,H,L,83,92
Arkansas Razorbacks,Louisiana State,H,L,54,65
Arkansas Razorbacks,Vanderbilt,A,L,72,89
Arkansas Razorbacks,Tennessee,H,L,73,80
Arkansas Razorbacks,Mississippi,A,L,66,68
Arkansas Razorbacks,Georgia,N,L,64,77
Arkansas State Red Wolves,Southeast Missouri State,H,W,73,49
Arkansas State Red Wolves,Texas-El Paso,H,L,56,82
Arkansas State Red Wolves,Tennessee-Martin,A,W,80,66
Arkansas State Red Wolves,Indiana State,A,L,72,77
Arkansas State Red Wolves,Mississippi,A,L,57,79
Arkansas State Red Wolves,Memphis,H,L,55,74
Arkansas State Red Wolves,Missouri State,A,L,64,75
Arkansas State Red Wolves,Arkansas-Little Rock,A,W,69,61
Arkansas State Red Wolves,Mississippi Valley State,N,W,71,64
Arkansas State Red Wolves,Denver,H,L,55,64
Arkansas State Red Wolves,North Texas,A,W,71,56
Arkansas State Red Wolves,Lamar,H,L,68,87
Arkansas State Red Wolves,Middle Tennessee,A,W,69,67
Arkansas State Red Wolves,South Alabama,H,W,69,63
Arkansas State Red Wolves,North Texas,H,W,83,70
Arkansas State Red Wolves,Florida International,H,W,76,61
Arkansas State Red Wolves,Florida Atlantic,H,L,63,78
Arkansas State Red Wolves,Louisiana-Lafayette,A,W,62,60
Arkansas State Red Wolves,Denver,A,W,73,62
Arkansas State Red Wolves,Arkansas-Little Rock,H,L,77,79
Arkansas State Red Wolves,New Orleans,H,W,66,52
Arkansas State Red Wolves,Western Kentucky,H,L,68,79
Arkansas State Red Wolves,Louisiana-Monroe,A,W,69,52
Arkansas State Red Wolves,Louisiana-Lafayette,H,L,54,56
Arkansas State Red Wolves,Western Kentucky,A,L,76,78
Arkansas State Red Wolves,New Orleans,A,W,63,56
Arkansas State Red Wolves,Troy,A,L,57,64
Arkansas State Red Wolves,Arkansas-Little Rock,N,W,89,82
Arkansas State Red Wolves,Western Kentucky,N,L,64,65
Arkansas-Little Rock Trojans,Mississippi,H,L,64,92
Arkansas-Little Rock Trojans,Tulsa,H,L,45,59
Arkansas-Little Rock Trojans,Creighton,H,L,65,80
Arkansas-Little Rock Trojans,Louisiana Tech,H,L,66,86
Arkansas-Little Rock Trojans,Cal Poly,A,W,71,62
Arkansas-Little Rock Trojans,Oral Roberts,A,W,73,68
Arkansas-Little Rock Trojans,Missouri State,A,L,62,75
Arkansas-Little Rock Trojans,Memphis,N,L,71,83
Arkansas-Little Rock Trojans,South Alabama,H,L,71,74
Arkansas-Little Rock Trojans,Arkansas State,H,L,61,69
Arkansas-Little Rock Trojans,Wright State,H,L,47,69
Arkansas-Little Rock Trojans,North Texas,A,L,78,83
Arkansas-Little Rock Trojans,Louisiana-Monroe,H,L,64,68
Arkansas-Little Rock Trojans,Middle Tennessee,A,L,52,66
Arkansas-Little Rock Trojans,New Orleans,H,L,66,67
Arkansas-Little Rock Trojans,Louisiana-Lafayette,A,W,76,69
Arkansas-Little Rock Trojans,Florida Atlantic,H,L,74,77
Arkansas-Little Rock Trojans,Florida International,H,L,81,96
Arkansas-Little Rock Trojans,Denver,A,W,69,57
Arkansas-Little Rock Trojans,Arkansas State,A,W,79,77
Arkansas-Little Rock Trojans,Louisiana-Lafayette,H,L,51,77
Arkansas-Little Rock Trojans,Louisiana-Monroe,A,L,64,67
Arkansas-Little Rock Trojans,Western Kentucky,A,L,46,67
Arkansas-Little Rock Trojans,Denver,H,L,57,62
Arkansas-Little Rock Trojans,North Texas,H,L,65,83
Arkansas-Little Rock Trojans,Troy,A,L,73,76
Arkansas-Little Rock Trojans,New Orleans,A,W,77,71
Arkansas-Little Rock Trojans,Arkansas State,N,L,82,89
Arkansas-Pine Bluff Golden Lions,Colorado,H,L,72,88
Arkansas-Pine Bluff Golden Lions,Denver,H,L,56,75
Arkansas-Pine Bluff Golden Lions,Texas-El Paso,H,L,52,70
Arkansas-Pine Bluff Golden Lions,Akron,H,L,65,68
Arkansas-Pine Bluff Golden Lions,Arizona State,H,L,57,74
Arkansas-Pine Bluff Golden Lions,Michigan,H,L,53,67
Arkansas-Pine Bluff Golden Lions,Oklahoma State,H,L,66,81
Arkansas-Pine Bluff Golden Lions,Georgia Tech,H,L,53,65
Arkansas-Pine Bluff Golden Lions,Missouri,H,L,70,88
Arkansas-Pine Bluff Golden Lions,Kansas State,H,L,76,90
Arkansas-Pine Bluff Golden Lions,Oregon,H,L,53,73
Arkansas-Pine Bluff Golden Lions,Mississippi Valley State,N,W,69,68
Arkansas-Pine Bluff Golden Lions,Alabama A&M,H,W,82,72
Arkansas-Pine Bluff Golden Lions,Alabama State,H,L,73,75
Arkansas-Pine Bluff Golden Lions,Southern,A,W,64,51
Arkansas-Pine Bluff Golden Lions,Alcorn State,A,W,93,59
Arkansas-Pine Bluff Golden Lions,Prairie View,H,W,62,54
Arkansas-Pine Bluff Golden Lions,Texas Southern,H,L,67,70
Arkansas-Pine Bluff Golden Lions,Grambling,A,W,92,69
Arkansas-Pine Bluff Golden Lions,Jackson State,A,L,67,72
Arkansas-Pine Bluff Golden Lions,Alabama A&M,A,W,62,55
Arkansas-Pine Bluff Golden Lions,Alabama State,A,W,47,42
Arkansas-Pine Bluff Golden Lions,Southern,H,W,66,62
Arkansas-Pine Bluff Golden Lions,Alcorn State,H,W,59,45
Arkansas-Pine Bluff Golden Lions,Prairie View,A,W,57,55
Arkansas-Pine Bluff Golden Lions,Texas Southern,A,W,57,53
Arkansas-Pine Bluff Golden Lions,Grambling,H,W,68,56
Arkansas-Pine Bluff Golden Lions,Jackson State,H,L,54,57
Arkansas-Pine Bluff Golden Lions,Mississippi Valley State,A,W,84,68
Arkansas-Pine Bluff Golden Lions,Mississippi Valley State,N,W,69,66
Arkansas-Pine Bluff Golden Lions,Alabama State,N,W,46,44
Arkansas-Pine Bluff Golden Lions,Texas Southern,N,W,50,38
Arkansas-Pine Bluff Golden Lions,Winthrop,N,W,61,44
Arkansas-Pine Bluff Golden Lions,Duke,N,L,44,73
Army Black Knights,Virginia Military Institute,H,L,86,93
Army Black Knights,Long Island University,A,W,63,56
Army Black Knights,Princeton,H,W,56,52
Army Black Knights,Harvard,A,W,56,53
Army Black Knights,Yale,A,W,64,48
Army Black Knights,Buffalo,H,L,67,74
Army Black Knights,Fairleigh Dickinson,H,W,61,40
Army Black Knights,Dartmouth,H,W,59,46
Army Black Knights,New Hampshire,A,W,54,46
Army Black Knights,Southern Methodist,H,L,63,71
Army Black Knights,Portland,H,L,57,67
Army Black Knights,Brown,A,W,59,51
Army Black Knights,Colgate,H,L,58,68
Army Black Knights,Holy Cross,H,W,67,64
Army Black Knights,Lehigh,A,L,55,73
Army Black Knights,American,A,W,68,48
Army Black Knights,Navy,H,L,56,62
Army Black Knights,Lafayette,H,L,68,77
Army Black Knights,Bucknell,H,L,48,55
Army Black Knights,Colgate,A,W,63,49
Army Black Knights,Holy Cross,A,L,56,70
Army Black Knights,Lehigh,H,L,66,78
Army Black Knights,American,H,L,54,57
Army Black Knights,Navy,A,W,69,50
Army Black Knights,Lafayette,A,L,54,80
Army Black Knights,Bucknell,A,L,51,62
Army Black Knights,Lehigh,H,L,45,64
Auburn Tigers,Niagara,A,W,69,65
Auburn Tigers,Missouri State,H,L,62,73
Auburn Tigers,Central Florida,N,L,74,84
Auburn Tigers,IUPUI,N,W,80,65
Auburn Tigers,North Carolina State,N,L,58,60
Auburn Tigers,High Point,A,W,75,54
Auburn Tigers,Alabama A&M,N,W,87,52
Auburn Tigers,Troy,A,L,77,81
Auburn Tigers,Virginia,A,W,68,67
Auburn Tigers,Florida State,H,L,72,76
Auburn Tigers,Sam Houston State,A,L,89,107
Auburn Tigers,Alabama State,A,W,94,78
Auburn Tigers,Charleston Southern,A,W,77,62
Auburn Tigers,Georgia Southern,A,W,95,75
Auburn Tigers,South Carolina,A,L,71,80
Auburn Tigers,Tennessee,H,L,55,81
Auburn Tigers,Kentucky,A,L,67,72
Auburn Tigers,Louisiana State,H,W,84,80
Auburn Tigers,Vanderbilt,H,L,74,82
Auburn Tigers,Mississippi,A,L,74,84
Auburn Tigers,Alabama,A,W,58,57
Auburn Tigers,Arkansas,H,L,79,82
Auburn Tigers,Georgia,A,W,82,63
Auburn Tigers,Mississippi State,H,L,75,85
Auburn Tigers,Florida,H,L,70,78
Auburn Tigers,Arkansas,A,W,92,83
Auburn Tigers,Mississippi,H,L,75,85
Auburn Tigers,Louisiana State,A,W,74,59
Auburn Tigers,Mississippi State,A,W,89,80
Auburn Tigers,Alabama,H,L,61,73
Auburn Tigers,Florida,N,L,69,78
Austin Peay Governors,Tennessee,H,L,54,83
Austin Peay Governors,Akron,H,W,80,77
Austin Peay Governors,IUPUI,N,L,63,77
Austin Peay Governors,North Carolina State,N,L,59,66
Austin Peay Governors,Niagara,N,W,69,67
Austin Peay Governors,Drake,A,L,72,78
Austin Peay Governors,Southeast Missouri State,A,W,76,71
Austin Peay Governors,Eastern Illinois,A,W,73,60
Austin Peay Governors,Ohio,H,W,68,66
Austin Peay Governors,Kentucky,H,L,69,90
Austin Peay Governors,Evansville,A,W,71,68
Austin Peay Governors,Missouri,H,L,79,94
Austin Peay Governors,Morehead State,H,L,65,68
Austin Peay Governors,Eastern Kentucky,H,L,71,76
Austin Peay Governors,Tennessee-Martin,A,W,90,72
Austin Peay Governors,Murray State,A,L,53,69
Austin Peay Governors,Tennessee State,A,W,79,77
Austin Peay Governors,Tennessee Tech,H,L,90,94
Austin Peay Governors,Jacksonville State,H,W,66,64
Austin Peay Governors,Eastern Kentucky,A,W,80,76
Austin Peay Governors,Morehead State,A,W,56,55
Austin Peay Governors,Tennessee-Martin,H,W,74,69
Austin Peay Governors,Murray State,H,L,63,65
Austin Peay Governors,Tennessee State,H,L,67,76
Austin Peay Governors,Jacksonville State,A,W,83,63
Austin Peay Governors,Tennessee Tech,A,W,77,72
Austin Peay Governors,Oral Roberts,A,L,80,89
Austin Peay Governors,Eastern Illinois,H,L,73,83
Austin Peay Governors,Southeast Missouri State,H,W,71,68
Austin Peay Governors,Tennessee Tech,A,L,65,68
Ball State Cardinals,Valparaiso,A,W,88,78
Ball State Cardinals,Temple,H,L,46,66
Ball State Cardinals,UC-Davis,A,L,58,60
Ball State Cardinals,Butler,A,L,38,59
Ball State Cardinals,Indiana State,H,W,68,63
Ball State Cardinals,Tennessee Tech,H,L,81,86
Ball State Cardinals,Purdue,N,L,49,69
Ball State Cardinals,Maryland-Eastern Shore,A,W,56,47
Ball State Cardinals,Dayton,H,L,35,59
Ball State Cardinals,Northern Illinois,A,L,48,62
Ball State Cardinals,Central Michigan,H,L,38,53
Ball State Cardinals,Toledo,A,W,71,43
Ball State Cardinals,Western Michigan,A,W,75,68
Ball State Cardinals,Eastern Michigan,H,L,53,57
Ball State Cardinals,Miami (OH),A,W,65,59
Ball State Cardinals,Buffalo,H,W,75,69
Ball State Cardinals,Ohio,H,W,67,66
Ball State Cardinals,Bowling Green State,A,W,64,59
Ball State Cardinals,Akron,A,L,70,75
Ball State Cardinals,Kent State,H,L,42,76
Ball State Cardinals,Northern Illinois,H,W,71,66
Ball State Cardinals,Central Michigan,A,W,69,63
Ball State Cardinals,Tennessee-Martin,A,W,68,52
Ball State Cardinals,Eastern Michigan,A,L,67,72
Ball State Cardinals,Toledo,H,L,42,45
Ball State Cardinals,Western Michigan,H,L,52,67
Ball State Cardinals,Ohio,A,L,77,85
Baylor Bears,Norfolk State,A,W,86,58
Baylor Bears,Hartford,A,W,71,69
Baylor Bears,Southern,A,W,61,45
Baylor Bears,Alabama,N,L,76,79
Baylor Bears,Iona,N,W,72,62
Baylor Bears,Xavier,N,W,69,64
Baylor Bears,Arizona State,H,W,64,61
Baylor Bears,Jackson State,A,W,90,60
Baylor Bears,Texas-Arlington,A,W,94,63
Baylor Bears,Arkansas,N,W,70,47
Baylor Bears,South Carolina,H,W,85,74
Baylor Bears,Morgan State,A,W,79,63
Baylor Bears,Oklahoma,A,W,91,60
Baylor Bears,Colorado,H,L,71,78
Baylor Bears,Oklahoma State,A,W,83,70
Baylor Bears,Kansas,H,L,75,81
Baylor Bears,Massachusetts,A,W,71,45
Baylor Bears,Kansas State,A,L,74,76
Baylor Bears,Texas,H,W,80,77
Baylor Bears,Iowa State,A,W,84,63
Baylor Bears,Texas A&M,H,L,71,78
Baylor Bears,Nebraska,H,W,55,53
Baylor Bears,Missouri,A,W,64,62
Baylor Bears,Texas Tech,A,W,88,70
Baylor Bears,Oklahoma State,H,L,75,82
Baylor Bears,Texas A&M,A,W,70,66
Baylor Bears,Oklahoma,H,W,70,63
Baylor Bears,Texas Tech,H,W,86,68
Baylor Bears,Texas,A,W,92,77
Baylor Bears,Texas,N,W,86,67
Baylor Bears,Kansas State,N,L,75,82
Baylor Bears,Sam Houston State,N,W,68,59
Baylor Bears,Old Dominion,N,W,76,68
Baylor Bears,Saint Mary's (CA),N,W,72,49
Baylor Bears,Duke,N,L,71,78
Belmont Bruins,Portland State,N,W,74,67
Belmont Bruins,Washington,H,L,78,96
Belmont Bruins,Wright State,N,L,73,82
Belmont Bruins,Alabama State,A,W,78,42
Belmont Bruins,Eastern Illinois,H,W,95,62
Belmont Bruins,Tennessee State,A,W,69,60
Belmont Bruins,Kennesaw State,H,W,75,70
Belmont Bruins,Mercer,H,W,94,90
Belmont Bruins,Middle Tennessee,H,W,83,71
Belmont Bruins,Saint Louis,H,L,67,75
Belmont Bruins,Eastern Illinois,A,L,60,63
Belmont Bruins,Kansas,H,L,51,81
Belmont Bruins,Stetson,A,W,85,71
Belmont Bruins,Lipscomb,H,L,53,64
Belmont Bruins,North Florida,H,L,43,45
Belmont Bruins,Jacksonville,H,L,66,82
Belmont Bruins,Campbell,A,W,66,55
Belmont Bruins,East Tennessee State,A,W,100,89
Belmont Bruins,Lipscomb,A,L,72,78
Belmont Bruins,Campbell,H,W,75,50
Belmont Bruins,East Tennessee State,H,W,74,67
Belmont Bruins,Jacksonville,A,W,73,70
Belmont Bruins,North Florida,A,W,70,56
Belmont Bruins,Stetson,H,W,79,70
Belmont Bruins,Mercer,A,W,77,73
Belmont Bruins,Kennesaw State,A,W,74,42
Belmont Bruins,Mercer,H,L,81,87
Bethune-Cookman Wildcats,Virginia Commonwealth,H,L,51,77
Bethune-Cookman Wildcats,Old Dominion,H,L,38,69
Bethune-Cookman Wildcats,Mississippi State,H,L,51,67
Bethune-Cookman Wildcats,Longwood,N,W,66,62
Bethune-Cookman Wildcats,Texas-Rio Grande Valley,N,W,67,64
Bethune-Cookman Wildcats,Florida A&M,A,W,58,57
Bethune-Cookman Wildcats,Central Florida,H,L,50,63
Bethune-Cookman Wildcats,Jacksonville,A,L,48,56
Bethune-Cookman Wildcats,Miami (FL),H,L,55,73
Bethune-Cookman Wildcats,Long Island University,A,W,78,69
Bethune-Cookman Wildcats,Norfolk State,A,W,77,61
Bethune-Cookman Wildcats,North Carolina A&T,A,W,66,65
Bethune-Cookman Wildcats,Delaware State,A,L,60,77
Bethune-Cookman Wildcats,Maryland-Eastern Shore,A,W,63,51
Bethune-Cookman Wildcats,Hampton,H,W,57,52
Bethune-Cookman Wildcats,Howard,H,L,64,67
Bethune-Cookman Wildcats,South Carolina State,A,L,55,58
Bethune-Cookman Wildcats,Coppin State,H,W,65,58
Bethune-Cookman Wildcats,Morgan State,H,L,47,48
Bethune-Cookman Wildcats,Delaware State,H,L,50,67
Bethune-Cookman Wildcats,Maryland-Eastern Shore,H,L,56,62
Bethune-Cookman Wildcats,Hampton,A,L,44,71
Bethune-Cookman Wildcats,Howard,A,W,52,44
Bethune-Cookman Wildcats,South Carolina State,H,L,46,58
Bethune-Cookman Wildcats,Florida A&M,H,L,64,69
Bethune-Cookman Wildcats,Florida A&M,N,W,64,53
Bethune-Cookman Wildcats,Delaware State,N,L,55,57
Binghamton Bearcats,Pittsburgh,H,L,46,71
Binghamton Bearcats,St. Bonaventure,H,L,40,66
Binghamton Bearcats,Duquesne,N,L,52,70
Binghamton Bearcats,Western Carolina,H,L,44,73
Binghamton Bearcats,Rider,H,L,50,58
Binghamton Bearcats,Bucknell,A,W,64,60
Binghamton Bearcats,Marshall,A,L,55,69
Binghamton Bearcats,Drake,H,L,76,77
Binghamton Bearcats,Marist,H,W,70,52
Binghamton Bearcats,Saint Mary's (CA),H,L,57,85
Binghamton Bearcats,Stephen F. Austin,N,L,43,64
Binghamton Bearcats,La Salle,A,W,66,61
Binghamton Bearcats,Albany (NY),H,W,62,57
Binghamton Bearcats,Maine,A,L,61,66
Binghamton Bearcats,Stony Brook,A,W,64,62
Binghamton Bearcats,Boston University,A,L,55,63
Binghamton Bearcats,Hartford,H,L,63,64
Binghamton Bearcats,Vermont,A,W,73,67
Binghamton Bearcats,Maryland-Baltimore County,H,W,80,63
Binghamton Bearcats,New Hampshire,A,W,76,73
Binghamton Bearcats,Albany (NY),A,W,78,73
Binghamton Bearcats,Maine,H,L,49,61
Binghamton Bearcats,New Hampshire,H,L,60,67
Binghamton Bearcats,Stony Brook,H,L,61,81
Binghamton Bearcats,Boston University,H,L,51,93
Binghamton Bearcats,Maryland-Baltimore County,A,W,81,61
Binghamton Bearcats,Hartford,A,W,66,53
Binghamton Bearcats,Vermont,H,L,69,78
Boise State Broncos,Loyola Marymount,N,W,90,87
Boise State Broncos,Montana,H,L,82,95
Boise State Broncos,Wyoming,H,L,61,87
Boise State Broncos,Eastern Washington,H,W,82,69
Boise State Broncos,North Texas,A,W,79,73
Boise State Broncos,Illinois,H,L,77,84
Boise State Broncos,Idaho State,H,W,79,67
Boise State Broncos,San Diego,A,L,56,59
Boise State Broncos,Portland State,A,W,69,62
Boise State Broncos,Montana State,A,W,58,56
Boise State Broncos,Fresno State,H,L,68,71
Boise State Broncos,Hawaii,H,L,68,76
Boise State Broncos,New Mexico State,A,L,85,88
Boise State Broncos,Louisiana Tech,A,L,64,79
Boise State Broncos,San Jose State,H,L,74,76
Boise State Broncos,Utah State,H,L,59,81
Boise State Broncos,Nevada,A,L,82,88
Boise State Broncos,Idaho,H,W,77,67
Boise State Broncos,Fresno State,A,W,65,49
Boise State Broncos,Idaho,A,L,55,79
Boise State Broncos,Utah State,A,L,67,72
Boise State Broncos,Nevada,H,L,80,88
Boise State Broncos,UC-Davis,A,L,74,82
Boise State Broncos,Louisiana Tech,H,W,72,59
Boise State Broncos,New Mexico State,H,L,92,95
Boise State Broncos,Hawaii,A,W,82,63
Boise State Broncos,San Jose State,A,W,85,56
Boise State Broncos,Utah State,N,L,60,84
Boston College Eagles,Dartmouth,A,W,89,58
Boston College Eagles,St. Francis (NY),A,W,72,44
Boston College Eagles,Saint Joseph's,N,L,80,84
Boston College Eagles,South Dakota State,N,W,75,58
Boston College Eagles,Northern Iowa,N,L,69,81
Boston College Eagles,Providence,H,W,82,77
Boston College Eagles,Michigan,H,W,62,58
Boston College Eagles,Miami (FL),A,W,61,60
Boston College Eagles,Harvard,A,L,67,74
Boston College Eagles,Rhode Island,A,L,69,80
Boston College Eagles,Massachusetts,A,W,79,67
Boston College Eagles,South Carolina,A,W,85,76
Boston College Eagles,Maine,A,L,51,52
Boston College Eagles,NJIT,A,W,89,32
Boston College Eagles,Clemson,H,L,56,72
Boston College Eagles,Duke,H,L,59,79
Boston College Eagles,Maryland,A,L,57,73
Boston College Eagles,Miami (FL),H,W,79,75
Boston College Eagles,Virginia Tech,H,L,62,63
Boston College Eagles,Clemson,A,W,75,69
Boston College Eagles,Florida State,A,L,57,61
Boston College Eagles,Duke,A,L,63,66
Boston College Eagles,Wake Forest,H,L,85,92
Boston College Eagles,Florida State,H,L,47,62
Boston College Eagles,North Carolina,A,W,71,67
Boston College Eagles,Virginia Tech,A,W,80,60
Boston College Eagles,Georgia Tech,H,L,68,73
Boston College Eagles,Virginia,A,W,68,55
Boston College Eagles,North Carolina State,H,L,54,66
Boston College Eagles,Virginia,N,L,62,68
Boston University Terriers,Iona,H,L,73,82
Boston University Terriers,George Washington,A,L,59,69
Boston University Terriers,Kansas State,N,L,70,80
Boston University Terriers,Indiana,N,W,71,67
Boston University Terriers,Georgia Tech,N,L,67,85
Boston University Terriers,Northeastern,A,W,69,64
Boston University Terriers,Harvard,A,L,70,78
Boston University Terriers,Connecticut,H,L,64,92
Boston University Terriers,Bucknell,A,W,63,53
Boston University Terriers,Marist,H,W,88,72
Boston University Terriers,Mount St. Mary's,A,W,86,77
Boston University Terriers,Dayton,H,L,60,74
Boston University Terriers,Stony Brook,A,L,75,84
Boston University Terriers,New Hampshire,H,W,60,56
Boston University Terriers,Hartford,H,W,84,70
Boston University Terriers,Maryland-Baltimore County,A,W,75,63
Boston University Terriers,Binghamton,H,W,63,55
Boston University Terriers,Vermont,H,L,58,78
Boston University Terriers,Albany (NY),A,W,79,58
Boston University Terriers,Maryland-Baltimore County,H,W,79,61
Boston University Terriers,Maine,H,L,54,56
Boston University Terriers,Stony Brook,H,L,55,71
Boston University Terriers,New Hampshire,A,W,69,47
Boston University Terriers,Albany (NY),H,W,68,53
Boston University Terriers,Vermont,A,L,75,76
Boston University Terriers,Hartford,A,W,58,55
Boston University Terriers,Binghamton,A,W,93,51
Boston University Terriers,Delaware,H,W,78,65
Boston University Terriers,Maine,A,W,76,56
Boston University Terriers,Hartford,H,W,87,46
Boston University Terriers,Stony Brook,N,W,70,63
Boston University Terriers,Vermont,H,L,70,83
Boston University Terriers,Oregon State,H,W,96,78
Boston University Terriers,Morehead State,A,W,91,89
Boston University Terriers,Virginia Commonwealth,H,L,75,88
Bowling Green State Falcons,Xavier,H,L,57,101
Bowling Green State Falcons,Iowa,H,L,46,68
Bowling Green State Falcons,Milwaukee,A,L,83,90
Bowling Green State Falcons,Florida International,A,W,67,62
Bowling Green State Falcons,Savannah State,A,W,59,51
Bowling Green State Falcons,Fordham,H,W,67,46
Bowling Green State Falcons,Canisius,H,W,58,54
Bowling Green State Falcons,Detroit Mercy,H,L,69,73
Bowling Green State Falcons,Temple,H,L,39,63
Bowling Green State Falcons,Towson,H,W,70,69
Bowling Green State Falcons,Saint Louis,A,W,59,50
Bowling Green State Falcons,Akron,H,L,45,71
Bowling Green State Falcons,Buffalo,A,L,65,68
Bowling Green State Falcons,Kent State,H,W,76,70
Bowling Green State Falcons,Ohio,A,W,65,57
Bowling Green State Falcons,Miami (OH),H,L,52,64
Bowling Green State Falcons,Eastern Michigan,H,W,64,61
Bowling Green State Falcons,Central Michigan,A,L,52,64
Bowling Green State Falcons,Toledo,A,W,58,47
Bowling Green State Falcons,Ball State,H,L,59,64
Bowling Green State Falcons,Western Michigan,H,L,64,65
Bowling Green State Falcons,Northern Illinois,A,W,73,69
Bowling Green State Falcons,Miami (OH),A,W,67,64
Bowling Green State Falcons,Buffalo,H,L,51,64
Bowling Green State Falcons,Valparaiso,A,W,87,70
Bowling Green State Falcons,Kent State,A,L,69,75
Bowling Green State Falcons,Akron,A,L,68,74
Bowling Green State Falcons,Ohio,H,L,60,82
Bowling Green State Falcons,Western Michigan,H,L,73,75
Bradley Braves,Brigham Young,H,L,60,70
Bradley Braves,Idaho State,A,W,74,69
Bradley Braves,Wofford,A,W,56,54
Bradley Braves,Oklahoma State,N,L,57,68
Bradley Braves,Illinois,N,W,72,68
Bradley Braves,Northern Illinois,H,W,63,49
Bradley Braves,Western Carolina,A,L,67,75
Bradley Braves,Loyola (IL),A,L,65,68
Bradley Braves,Iowa State,H,L,68,87
Bradley Braves,Drake,H,W,67,59
Bradley Braves,Southern Illinois,A,L,81,86
Bradley Braves,Wichita State,H,L,69,81
Bradley Braves,Indiana State,A,W,91,85
Bradley Braves,Missouri State,H,L,69,88
Bradley Braves,Northern Iowa,H,L,50,52
Bradley Braves,Missouri State,A,W,74,56
Bradley Braves,Southern Illinois,H,W,57,55
Bradley Braves,Evansville,A,W,74,64
Bradley Braves,Creighton,A,L,68,73
Bradley Braves,Illinois State,H,L,47,66
Bradley Braves,Drake,A,W,67,65
Bradley Braves,Evansville,H,W,83,63
Bradley Braves,Illinois State,A,L,61,62
Bradley Braves,Northern Iowa,A,W,68,59
Bradley Braves,Indiana State,H,L,69,75
Bradley Braves,Drexel,A,W,76,60
Bradley Braves,Wichita State,A,W,75,73
Bradley Braves,Creighton,H,L,71,82
Bradley Braves,Creighton,N,W,81,62
Bradley Braves,Northern Iowa,N,L,40,57
Brigham Young Cougars,Bradley,A,W,70,60
Brigham Young Cougars,Idaho State,A,W,87,53
Brigham Young Cougars,Hawaii,H,W,83,65
Brigham Young Cougars,Southern,A,W,107,51
Brigham Young Cougars,Weber State,A,W,87,70
Brigham Young Cougars,Utah State,H,L,61,71
Brigham Young Cougars,San Francisco,N,W,69,43
Brigham Young Cougars,Arizona State,A,W,81,68
Brigham Young Cougars,Fresno State,H,W,72,67
Brigham Young Cougars,Wagner,A,W,77,61
Brigham Young Cougars,Eastern Washington,A,W,91,34
Brigham Young Cougars,Nevada,N,W,110,104
Brigham Young Cougars,Nebraska,N,W,88,66
Brigham Young Cougars,Arizona,H,W,99,69
Brigham Young Cougars,Nevada-Las Vegas,A,W,77,73
Brigham Young Cougars,Texas-El Paso,H,W,83,77
Brigham Young Cougars,Air Force,H,W,67,49
Brigham Young Cougars,Colorado State,A,W,91,47
Brigham Young Cougars,Wyoming,A,W,81,66
Brigham Young Cougars,San Diego State,H,W,71,69
Brigham Young Cougars,New Mexico,H,L,72,76
Brigham Young Cougars,Utah,A,W,82,69
Brigham Young Cougars,Texas Christian,A,W,76,56
Brigham Young Cougars,Nevada-Las Vegas,H,L,74,88
Brigham Young Cougars,Air Force,A,W,91,48
Brigham Young Cougars,Colorado State,H,W,92,70
Brigham Young Cougars,Wyoming,H,W,85,63
Brigham Young Cougars,San Diego State,A,W,82,68
Brigham Young Cougars,New Mexico,A,L,81,83
Brigham Young Cougars,Utah,H,W,71,51
Brigham Young Cougars,Texas Christian,H,W,107,77
Brigham Young Cougars,Texas Christian,N,W,95,85
Brigham Young Cougars,Nevada-Las Vegas,H,L,66,70
Brigham Young Cougars,Florida,N,W,99,92
Brigham Young Cougars,Kansas State,N,L,72,84
Brown Bears,St. Francis (NY),H,W,68,64
Brown Bears,Virginia Tech,H,L,55,69
Brown Bears,Rhode Island,A,L,57,78
Brown Bears,St. John's (NY),H,L,76,79
Brown Bears,Maine,A,W,75,62
Brown Bears,Siena,N,L,79,99
Brown Bears,Holy Cross,A,L,79,85
Brown Bears,Minnesota,H,L,55,91
Brown Bears,Providence,H,L,62,78
Brown Bears,Sacred Heart,H,L,78,83
Brown Bears,American,A,L,68,76
Brown Bears,Wagner,A,W,72,71
Brown Bears,Army,H,L,51,59
Brown Bears,Quinnipiac,H,L,75,88
Brown Bears,Yale,H,W,75,66
Brown Bears,Yale,A,L,63,71
Brown Bears,Princeton,A,L,46,63
Brown Bears,Pennsylvania,A,L,54,55
Brown Bears,Columbia,H,L,54,65
Brown Bears,Cornell,H,L,60,74
Brown Bears,Dartmouth,A,W,75,60
Brown Bears,Harvard,A,L,67,81
Brown Bears,Pennsylvania,H,W,80,73
Brown Bears,Princeton,H,W,57,54
Brown Bears,Harvard,H,L,71,91
Brown Bears,Dartmouth,H,W,76,57
Brown Bears,Cornell,A,L,76,95
Brown Bears,Columbia,A,L,56,65
Bucknell Bison,Mercer,N,L,80,89
Bucknell Bison,Providence,H,L,65,76
Bucknell Bison,Delaware,H,W,82,66
Bucknell Bison,Saint Francis (PA),A,W,70,58
Bucknell Bison,Columbia,H,L,59,73
Bucknell Bison,Wagner,H,W,85,61
Bucknell Bison,Cornell,A,L,98,104
Bucknell Bison,Binghamton,H,L,60,64
Bucknell Bison,Boston University,H,L,53,63
Bucknell Bison,La Salle,H,L,70,83
Bucknell Bison,Notre Dame,H,L,69,101
Bucknell Bison,Loyola (MD),A,L,49,55
Bucknell Bison,Marist,A,W,70,67
Bucknell Bison,Richmond,A,L,50,59
Bucknell Bison,Dartmouth,H,L,43,49
Bucknell Bison,Navy,A,L,67,69
Bucknell Bison,American,A,W,72,68
Bucknell Bison,Holy Cross,H,L,69,82
Bucknell Bison,Lafayette,H,L,57,61
Bucknell Bison,Colgate,H,W,62,61
Bucknell Bison,Lehigh,A,W,81,76
Bucknell Bison,Army,A,W,55,48
Bucknell Bison,Navy,H,L,79,81
Bucknell Bison,American,H,W,73,59
Bucknell Bison,Holy Cross,A,W,68,63
Bucknell Bison,Lafayette,A,W,78,67
Bucknell Bison,Colgate,A,W,69,49
Bucknell Bison,Lehigh,H,L,59,81
Bucknell Bison,Army,H,W,62,51
Bucknell Bison,Holy Cross,A,L,64,67
Buffalo Bulls,Vermont,A,L,57,58
Buffalo Bulls,Navy,H,W,63,53
Buffalo Bulls,Towson,H,W,78,69
Buffalo Bulls,Canisius,A,L,71,73
Buffalo Bulls,Army,A,W,74,67
Buffalo Bulls,Purdue,H,L,65,101
Buffalo Bulls,Niagara,H,W,86,80
Buffalo Bulls,Green Bay,H,W,71,65
Buffalo Bulls,Jacksonville,N,L,73,83
Buffalo Bulls,Liberty,N,W,81,64
Buffalo Bulls,Miami (OH),A,W,73,55
Buffalo Bulls,Bowling Green State,H,W,68,65
Buffalo Bulls,Akron,A,W,78,65
Buffalo Bulls,Kent State,H,L,54,89
Buffalo Bulls,Ohio,H,L,77,99
Buffalo Bulls,Ball State,A,L,69,75
Buffalo Bulls,Northern Illinois,H,W,95,83
Buffalo Bulls,Western Michigan,A,L,70,85
Buffalo Bulls,Central Michigan,H,L,82,88
Buffalo Bulls,Toledo,H,W,65,59
Buffalo Bulls,Eastern Michigan,A,W,84,67
Buffalo Bulls,Kent State,A,W,70,55
Buffalo Bulls,Bowling Green State,A,W,64,51
Buffalo Bulls,Saint Peter's,H,W,77,75
Buffalo Bulls,Akron,H,L,67,77
Buffalo Bulls,Ohio,A,W,72,69
Buffalo Bulls,Miami (OH),H,L,62,73
Buffalo Bulls,Toledo,A,W,72,54
Buffalo Bulls,Miami (OH),N,L,59,73
Butler Bulldogs,Davidson,A,W,73,62
Butler Bulldogs,Northwestern,H,W,67,54
Butler Bulldogs,Evansville,H,W,64,60
Butler Bulldogs,Minnesota,N,L,73,82
Butler Bulldogs,UCLA,N,W,69,67
Butler Bulldogs,Clemson,N,L,69,70
Butler Bulldogs,Ball State,H,W,59,38
Butler Bulldogs,Valparaiso,A,W,84,67
Butler Bulldogs,Georgetown,N,L,65,72
Butler Bulldogs,Ohio State,A,W,74,66
Butler Bulldogs,Xavier,A,W,69,68
Butler Bulldogs,Alabama-Birmingham,H,L,57,67
Butler Bulldogs,Green Bay,A,W,72,49
Butler Bulldogs,Milwaukee,A,W,80,67
Butler Bulldogs,Wright State,H,W,77,65
Butler Bulldogs,Detroit Mercy,H,W,64,62
Butler Bulldogs,Cleveland State,A,W,64,55
Butler Bulldogs,Youngstown State,A,W,91,61
Butler Bulldogs,Loyola (IL),H,W,48,47
Butler Bulldogs,Illinois-Chicago,H,W,84,55
Butler Bulldogs,Green Bay,H,W,75,57
Butler Bulldogs,Milwaukee,H,W,73,66
Butler Bulldogs,Detroit Mercy,A,W,63,58
Butler Bulldogs,Wright State,A,W,74,62
Butler Bulldogs,Loyola (IL),A,W,62,47
Butler Bulldogs,Youngstown State,H,W,68,57
Butler Bulldogs,Cleveland State,H,W,70,59
Butler Bulldogs,Illinois-Chicago,A,W,73,55
Butler Bulldogs,Siena,A,W,70,53
Butler Bulldogs,Valparaiso,H,W,74,69
Butler Bulldogs,Milwaukee,A,W,68,59
Butler Bulldogs,Wright State,A,W,70,45
Butler Bulldogs,Texas-El Paso,N,W,77,59
Butler Bulldogs,Murray State,N,W,54,52
Butler Bulldogs,Syracuse,N,W,63,59
Butler Bulldogs,Kansas State,N,W,63,56
Butler Bulldogs,Michigan State,N,W,52,50
Butler Bulldogs,Duke,N,L,59,61
Cal Poly Mustangs,San Francisco,H,L,62,73
Cal Poly Mustangs,Stanford,H,L,53,70
Cal Poly Mustangs,Portland State,H,L,83,92
Cal Poly Mustangs,Saint Mary's (CA),H,L,67,92
Cal Poly Mustangs,Arkansas-Little Rock,H,L,62,71
Cal Poly Mustangs,Pepperdine,A,W,83,77
Cal Poly Mustangs,South Dakota State,H,W,73,66
Cal Poly Mustangs,Wisconsin,H,L,42,90
Cal Poly Mustangs,Montana State,A,L,72,76
Cal Poly Mustangs,UC-Irvine,H,W,95,81
Cal Poly Mustangs,Pacific,A,L,63,73
Cal Poly Mustangs,UC-Davis,A,W,72,69
Cal Poly Mustangs,Cal State Fullerton,H,L,54,68
Cal Poly Mustangs,Long Beach State,H,W,90,79
Cal Poly Mustangs,UC-Riverside,A,W,67,65
Cal Poly Mustangs,Cal State Northridge,A,W,73,72
Cal Poly Mustangs,UC-Santa Barbara,H,L,57,80
Cal Poly Mustangs,UC-Davis,H,L,63,83
Cal Poly Mustangs,Pacific,H,L,61,67
Cal Poly Mustangs,Long Beach State,A,L,72,78
Cal Poly Mustangs,UC-Riverside,H,W,87,84
Cal Poly Mustangs,Cal State Northridge,H,L,68,73
Cal Poly Mustangs,Hawaii,H,W,102,89
Cal Poly Mustangs,Cal State Fullerton,A,L,68,70
Cal Poly Mustangs,UC-Santa Barbara,A,W,60,57
Cal Poly Mustangs,UC-Irvine,A,L,84,91
Cal Poly Mustangs,UC-Irvine,N,W,73,69
Cal Poly Mustangs,Long Beach State,N,L,69,79
Cal State Fullerton Titans,UCLA,H,W,68,65
Cal State Fullerton Titans,New Mexico State,A,W,84,73
Cal State Fullerton Titans,Stephen F. Austin,H,L,61,62
Cal State Fullerton Titans,San Diego State,H,L,68,82
Cal State Fullerton Titans,Weber State,N,L,71,82
Cal State Fullerton Titans,Utah State,H,L,60,83
Cal State Fullerton Titans,Morehead State,N,L,62,69
Cal State Fullerton Titans,UC-Davis,H,L,63,67
Cal State Fullerton Titans,Long Beach State,A,W,85,75
Cal State Fullerton Titans,UC-Riverside,H,W,69,56
Cal State Fullerton Titans,Cal Poly,A,W,68,54
Cal State Fullerton Titans,Cal State Northridge,A,L,72,78
Cal State Fullerton Titans,Pacific,H,L,73,80
Cal State Fullerton Titans,UC-Santa Barbara,H,L,80,85
Cal State Fullerton Titans,UC-Irvine,A,W,74,68
Cal State Fullerton Titans,Long Beach State,H,W,81,75
Cal State Fullerton Titans,UC-Riverside,A,L,59,76
Cal State Fullerton Titans,UC-Irvine,H,W,72,61
Cal State Fullerton Titans,Cal State Northridge,H,W,113,112
Cal State Fullerton Titans,UC-Santa Barbara,A,L,65,73
Cal State Fullerton Titans,Cal Poly,H,W,70,68
Cal State Fullerton Titans,Pacific,A,L,64,70
Cal State Fullerton Titans,UC-Davis,A,L,86,92
Cal State Fullerton Titans,Cal State Northridge,N,W,84,76
Cal State Fullerton Titans,UC-Davis,N,L,65,68
Cal State Northridge Matadors,Purdue,H,L,64,89
Cal State Northridge Matadors,Texas Christian,N,L,65,83
Cal State Northridge Matadors,Texas State,N,W,85,82
Cal State Northridge Matadors,Western Kentucky,H,L,67,68
Cal State Northridge Matadors,Coastal Carolina,N,W,76,69
Cal State Northridge Matadors,Idaho,A,W,95,93
Cal State Northridge Matadors,Washington,H,L,76,88
Cal State Northridge Matadors,Denver,H,L,82,89
Cal State Northridge Matadors,Drexel,A,L,63,75
Cal State Northridge Matadors,Colorado,H,L,58,92
Cal State Northridge Matadors,Pacific,H,L,43,52
Cal State Northridge Matadors,UC-Davis,H,L,73,85
Cal State Northridge Matadors,UC-Irvine,A,L,62,65
Cal State Northridge Matadors,UC-Riverside,A,W,64,50
Cal State Northridge Matadors,Cal State Fullerton,H,W,78,72
Cal State Northridge Matadors,Cal Poly,H,L,72,73
Cal State Northridge Matadors,Long Beach State,A,L,68,69
Cal State Northridge Matadors,UC-Santa Barbara,A,W,76,69
Cal State Northridge Matadors,UC-Riverside,H,W,63,47
Cal State Northridge Matadors,Long Beach State,H,L,51,65
Cal State Northridge Matadors,Cal State Fullerton,A,L,112,113
Cal State Northridge Matadors,Cal Poly,A,W,73,68
Cal State Northridge Matadors,Drake,A,L,80,90
Cal State Northridge Matadors,UC-Santa Barbara,H,L,69,74
Cal State Northridge Matadors,UC-Irvine,H,L,74,79
Cal State Northridge Matadors,UC-Davis,A,W,70,66
Cal State Northridge Matadors,Pacific,A,L,47,66
Cal State Northridge Matadors,Cal State Fullerton,N,L,76,84
Campbell Fighting Camels,East Carolina,A,W,74,68
Campbell Fighting Camels,North Carolina-Asheville,H,W,85,66
Campbell Fighting Camels,Virginia Tech,A,L,60,71
Campbell Fighting Camels,North Florida,A,W,59,58
Campbell Fighting Camels,Western Carolina,H,L,59,66
Campbell Fighting Camels,North Carolina-Wilmington,H,L,59,79
Campbell Fighting Camels,Jacksonville,A,W,73,57
Campbell Fighting Camels,Longwood,H,L,80,88
Campbell Fighting Camels,Appalachian State,A,W,92,63
Campbell Fighting Camels,Mercer,H,L,73,82
Campbell Fighting Camels,Kennesaw State,H,W,63,53
Campbell Fighting Camels,Stetson,A,W,81,55
Campbell Fighting Camels,Belmont,H,L,55,66
Campbell Fighting Camels,Lipscomb,H,W,86,82
Campbell Fighting Camels,East Tennessee State,H,L,57,72
Campbell Fighting Camels,Belmont,A,L,50,75
Campbell Fighting Camels,Lipscomb,A,L,59,60
Campbell Fighting Camels,Stetson,H,W,65,47
Campbell Fighting Camels,Mercer,A,W,69,63
Campbell Fighting Camels,Kennesaw State,A,W,71,64
Campbell Fighting Camels,East Tennessee State,A,W,79,57
Campbell Fighting Camels,Jacksonville,H,L,52,65
Campbell Fighting Camels,North Florida,H,W,57,49
Campbell Fighting Camels,East Tennessee State,N,L,64,72
Canisius Golden Griffins,Loyola (IL),H,L,69,89
Canisius Golden Griffins,St. Francis (NY),H,W,79,69
Canisius Golden Griffins,Buffalo,H,W,73,71
Canisius Golden Griffins,Howard,A,W,70,54
Canisius Golden Griffins,Eastern Michigan,H,L,58,75
Canisius Golden Griffins,Loyola (MD),A,W,70,65
Canisius Golden Griffins,Manhattan,A,L,57,71
Canisius Golden Griffins,Bowling Green State,A,L,54,58
Canisius Golden Griffins,Duquesne,H,L,77,86
Canisius Golden Griffins,North Florida,N,L,61,65
Canisius Golden Griffins,Southern Mississippi,N,W,59,56
Canisius Golden Griffins,New Orleans,N,W,63,48
Canisius Golden Griffins,St. Bonaventure,H,L,75,82
Canisius Golden Griffins,Fairfield,A,L,52,58
Canisius Golden Griffins,Iona,A,W,77,65
Canisius Golden Griffins,Marist,H,W,72,57
Canisius Golden Griffins,Siena,H,L,70,82
Canisius Golden Griffins,Manhattan,H,W,63,61
Canisius Golden Griffins,Fairfield,H,L,74,76
Canisius Golden Griffins,Rider,A,W,74,58
Canisius Golden Griffins,Saint Peter's,A,L,55,68
Canisius Golden Griffins,Niagara,A,W,73,70
Canisius Golden Griffins,Iona,H,L,53,72
Canisius Golden Griffins,Niagara,H,L,54,66
Canisius Golden Griffins,Saint Peter's,H,L,72,73
Canisius Golden Griffins,Marist,A,W,71,56
Canisius Golden Griffins,Siena,A,L,57,74
Canisius Golden Griffins,James Madison,A,W,70,66
Canisius Golden Griffins,Loyola (MD),H,W,74,62
Canisius Golden Griffins,Rider,H,L,70,86
Canisius Golden Griffins,Marist,N,W,72,54
Canisius Golden Griffins,Fairfield,N,L,57,67
Central Connecticut State Blue Devils,Fairfield,H,L,58,67
Central Connecticut State Blue Devils,Savannah State,H,L,45,53
Central Connecticut State Blue Devils,Savannah State,N,W,51,44
Central Connecticut State Blue Devils,Citadel,H,L,53,67
Central Connecticut State Blue Devils,St. Francis (NY),H,W,63,50
Central Connecticut State Blue Devils,Long Island University,H,L,65,69
Central Connecticut State Blue Devils,New Hampshire,H,L,55,67
Central Connecticut State Blue Devils,Albany (NY),A,W,70,68
Central Connecticut State Blue Devils,Northwestern,H,L,54,74
Central Connecticut State Blue Devils,Maryland-Baltimore County,A,W,89,86
Central Connecticut State Blue Devils,Holy Cross,N,L,53,70
Central Connecticut State Blue Devils,Colgate,H,L,45,64
Central Connecticut State Blue Devils,Monmouth,H,L,42,55
Central Connecticut State Blue Devils,Fairleigh Dickinson,H,L,74,83
Central Connecticut State Blue Devils,Savannah State,A,L,63,73
Central Connecticut State Blue Devils,Quinnipiac,A,L,45,76
Central Connecticut State Blue Devils,Sacred Heart,A,W,88,65
Central Connecticut State Blue Devils,Sacred Heart,H,L,53,71
Central Connecticut State Blue Devils,Quinnipiac,H,L,62,75
Central Connecticut State Blue Devils,Monmouth,A,W,66,44
Central Connecticut State Blue Devils,Fairleigh Dickinson,A,W,77,67
Central Connecticut State Blue Devils,Robert Morris,A,L,60,69
Central Connecticut State Blue Devils,Saint Francis (PA),A,L,57,59
Central Connecticut State Blue Devils,Mount St. Mary's,H,L,58,85
Central Connecticut State Blue Devils,Wagner,H,W,62,60
Central Connecticut State Blue Devils,Long Island University,A,W,74,65
Central Connecticut State Blue Devils,St. Francis (NY),A,W,68,56
Central Connecticut State Blue Devils,Robert Morris,H,L,63,71
Central Florida Knights,Massachusetts,A,W,84,67
Central Florida Knights,Howard,A,W,68,59
Central Florida Knights,Auburn,N,W,84,74
Central Florida Knights,Niagara,N,L,46,63
Central Florida Knights,Drake,N,W,59,50
Central Florida Knights,Albany (NY),A,W,76,72
Central Florida Knights,Notre Dame,H,L,72,90
Central Florida Knights,Bethune-Cookman,A,W,63,50
Central Florida Knights,South Florida,H,L,65,69
Central Florida Knights,Connecticut,H,L,51,60
Central Florida Knights,Liberty,A,W,82,58
Central Florida Knights,Jacksonville,A,L,51,61
Central Florida Knights,Mississippi,H,L,56,84
Central Florida Knights,Rice,A,W,77,58
Central Florida Knights,Marshall,A,L,75,81
Central Florida Knights,Tulsa,H,L,70,90
Central Florida Knights,Houston,H,W,78,71
Central Florida Knights,Texas-El Paso,A,L,59,96
Central Florida Knights,Southern Methodist,H,L,43,65
Central Florida Knights,Tulsa,A,L,50,55
Central Florida Knights,East Carolina,H,W,67,56
Central Florida Knights,Memphis,H,L,70,76
Central Florida Knights,Tulane,A,W,62,54
Central Florida Knights,Houston,A,W,68,65
Central Florida Knights,Southern Mississippi,H,L,58,68
Central Florida Knights,Alabama-Birmingham,A,L,49,53
Central Florida Knights,Marshall,H,L,115,121
Central Florida Knights,East Carolina,A,L,66,68
Central Florida Knights,Rice,H,W,66,59
Central Florida Knights,Southern Methodist,N,W,69,53
Central Florida Knights,Texas-El Paso,N,L,54,76
Central Michigan Chippewas,Princeton,A,L,68,71
Central Michigan Chippewas,Illinois-Chicago,A,W,67,48
Central Michigan Chippewas,Fairleigh Dickinson,H,L,53,62
Central Michigan Chippewas,Wright State,H,L,53,69
Central Michigan Chippewas,Purdue,H,L,38,64
Central Michigan Chippewas,Chicago State,A,W,78,40
Central Michigan Chippewas,Illinois State,H,L,62,75
Central Michigan Chippewas,South Florida,H,W,59,56
Central Michigan Chippewas,South Dakota State,H,L,72,80
Central Michigan Chippewas,Detroit Mercy,H,L,58,76
Central Michigan Chippewas,Alcorn State,H,W,68,64
Central Michigan Chippewas,Toledo,H,W,59,48
Central Michigan Chippewas,Ball State,A,W,53,38
Central Michigan Chippewas,Western Michigan,H,L,61,70
Central Michigan Chippewas,Eastern Michigan,A,W,71,63
Central Michigan Chippewas,Northern Illinois,A,W,81,75
Central Michigan Chippewas,Miami (OH),H,L,51,64
Central Michigan Chippewas,Bowling Green State,H,W,64,52
Central Michigan Chippewas,Buffalo,A,W,88,82
Central Michigan Chippewas,Kent State,A,L,63,68
Central Michigan Chippewas,Akron,A,L,52,56
Central Michigan Chippewas,Ohio,H,L,76,89
Central Michigan Chippewas,Toledo,A,W,63,46
Central Michigan Chippewas,Ball State,H,L,63,69
Central Michigan Chippewas,Tennessee State,A,W,79,73
Central Michigan Chippewas,Northern Illinois,H,L,65,67
Central Michigan Chippewas,Western Michigan,A,W,74,66
Central Michigan Chippewas,Eastern Michigan,H,W,56,55
Central Michigan Chippewas,Western Michigan,N,L,60,69
Charleston Southern Buccaneers,Maryland,H,L,51,89
Charleston Southern Buccaneers,Citadel,H,W,61,60
Charleston Southern Buccaneers,Stetson,A,W,80,64
Charleston Southern Buccaneers,Air Force,H,L,58,68
Charleston Southern Buccaneers,Liberty,H,L,53,69
Charleston Southern Buccaneers,Virginia Military Institute,H,L,91,103
Charleston Southern Buccaneers,College of Charleston,H,L,74,87
Charleston Southern Buccaneers,Virginia Tech,H,L,50,73
Charleston Southern Buccaneers,Auburn,H,L,62,77
Charleston Southern Buccaneers,Winthrop,A,W,57,54
Charleston Southern Buccaneers,Gardner-Webb,H,L,61,64
Charleston Southern Buccaneers,North Carolina-Asheville,H,W,77,74
Charleston Southern Buccaneers,High Point,A,W,73,69
Charleston Southern Buccaneers,Radford,A,W,70,55
Charleston Southern Buccaneers,Coastal Carolina,A,L,56,64
Charleston Southern Buccaneers,Winthrop,H,L,53,55
Charleston Southern Buccaneers,North Carolina-Asheville,A,W,62,54
Charleston Southern Buccaneers,Gardner-Webb,A,L,73,82
Charleston Southern Buccaneers,Radford,H,L,58,61
Charleston Southern Buccaneers,High Point,H,L,68,73
Charleston Southern Buccaneers,Coastal Carolina,H,L,37,47
Charleston Southern Buccaneers,Virginia Military Institute,A,W,95,85
Charleston Southern Buccaneers,Liberty,A,L,61,74
Charleston Southern Buccaneers,Radford,H,L,61,64
Charlotte 49ers,North Carolina-Asheville,A,W,86,70
Charlotte 49ers,Elon,N,W,75,61
Charlotte 49ers,Duke,H,L,59,101
Charlotte 49ers,Yale,N,W,88,74
Charlotte 49ers,Hofstra,H,W,80,72
Charlotte 49ers,East Carolina,A,W,80,68
Charlotte 49ers,Louisville,H,W,87,65
Charlotte 49ers,Gardner-Webb,A,W,95,66
Charlotte 49ers,Winthrop,H,W,57,47
Charlotte 49ers,Old Dominion,H,L,48,81
Charlotte 49ers,Mercer,A,W,91,80
Charlotte 49ers,Georgia Tech,A,L,67,76
Charlotte 49ers,Tennessee,H,L,71,88
Charlotte 49ers,St. Bonaventure,A,W,57,54
Charlotte 49ers,Xavier,H,L,74,86
Charlotte 49ers,Saint Louis,A,W,63,61
Charlotte 49ers,Richmond,H,W,71,59
Charlotte 49ers,La Salle,H,W,84,82
Charlotte 49ers,Temple,A,W,74,64
Charlotte 49ers,Massachusetts,H,W,72,58
Charlotte 49ers,George Washington,A,W,72,68
Charlotte 49ers,Fordham,H,W,77,72
Charlotte 49ers,Dayton,H,L,47,75
Charlotte 49ers,Duquesne,A,L,77,83
Charlotte 49ers,Xavier,A,L,67,81
Charlotte 49ers,Saint Joseph's,A,W,95,58
Charlotte 49ers,George Washington,H,L,70,75
Charlotte 49ers,Rhode Island,H,L,58,80
Charlotte 49ers,Richmond,A,L,84,89
Charlotte 49ers,Massachusetts,A,L,56,59
Chattanooga Mocs,East Tennessee State,A,W,85,76
Chattanooga Mocs,Richmond,H,L,49,75
Chattanooga Mocs,Missouri,H,L,56,99
Chattanooga Mocs,Texas-Rio Grande Valley,N,L,50,61
Chattanooga Mocs,Longwood,N,W,74,70
Chattanooga Mocs,Jacksonville State,H,W,80,71
Chattanooga Mocs,Elon,A,L,63,82
Chattanooga Mocs,Mississippi Valley State,A,W,82,60
Chattanooga Mocs,Georgia Tech,A,L,64,95
Chattanooga Mocs,Murray State,H,L,62,73
Chattanooga Mocs,Long Island University,A,W,76,59
Chattanooga Mocs,Eastern Kentucky,A,W,68,54
Chattanooga Mocs,Georgia Southern,H,W,75,63
Chattanooga Mocs,North Carolina-Greensboro,A,W,58,45
Chattanooga Mocs,Citadel,A,W,56,54
Chattanooga Mocs,College of Charleston,A,L,66,90
Chattanooga Mocs,North Carolina-Greensboro,H,L,49,62
Chattanooga Mocs,Elon,H,L,80,83
Chattanooga Mocs,Wofford,H,L,63,78
Chattanooga Mocs,Western Carolina,A,W,80,67
Chattanooga Mocs,Appalachian State,A,W,85,80
Chattanooga Mocs,College of Charleston,H,L,74,86
Chattanooga Mocs,Citadel,H,L,60,68
Chattanooga Mocs,Samford,A,L,54,78
Chattanooga Mocs,Furman,A,L,78,87
Chattanooga Mocs,Samford,H,L,54,60
Chattanooga Mocs,Davidson,A,W,78,73
Chattanooga Mocs,Appalachian State,H,L,74,80
Chattanooga Mocs,Western Carolina,H,L,70,78
Chattanooga Mocs,Georgia Southern,N,W,82,62
Chattanooga Mocs,College of Charleston,N,L,69,96
Chicago State Cougars,Iowa State,H,L,50,72
Chicago State Cougars,Eastern Illinois,A,L,68,82
Chicago State Cougars,Central Michigan,H,L,40,78
Chicago State Cougars,Nebraska,H,L,39,74
Chicago State Cougars,Hawaii,H,L,58,83
Chicago State Cougars,Tulsa,H,L,49,86
Chicago State Cougars,Eastern Washington,N,W,62,53
Chicago State Cougars,Wagner,N,W,78,63
Chicago State Cougars,Samford,H,L,46,63
Chicago State Cougars,Southern,H,L,60,67
Chicago State Cougars,Eastern Michigan,H,L,47,59
Chicago State Cougars,Northern Illinois,A,L,93,99
Chicago State Cougars,Utah Valley,H,L,43,48
Chicago State Cougars,Texas-Rio Grande Valley,H,L,42,63
Chicago State Cougars,Eastern Kentucky,H,L,50,74
Chicago State Cougars,NJIT,H,L,37,66
Chicago State Cougars,Utah Valley,A,W,43,41
Chicago State Cougars,Texas-Rio Grande Valley,A,W,76,69
Chicago State Cougars,Detroit Mercy,H,L,72,92
Chicago State Cougars,Northwestern,H,L,49,72
Chicago State Cougars,NJIT,A,W,81,77
Cincinnati Bearcats,Prairie View,A,W,69,62
Cincinnati Bearcats,Toledo,A,W,92,68
Cincinnati Bearcats,Vanderbilt,N,W,67,58
Cincinnati Bearcats,Maryland,N,W,69,57
Cincinnati Bearcats,Gonzaga,N,L,59,61
Cincinnati Bearcats,Texas Southern,A,W,94,57
Cincinnati Bearcats,Miami (OH),A,W,63,59
Cincinnati Bearcats,Xavier,H,L,79,83
Cincinnati Bearcats,Alabama-Birmingham,H,L,47,64
Cincinnati Bearcats,Lipscomb,A,W,80,52
Cincinnati Bearcats,Winthrop,A,W,74,57
Cincinnati Bearcats,Connecticut,A,W,71,69
Cincinnati Bearcats,Rutgers,H,W,65,58
Cincinnati Bearcats,Pittsburgh,A,L,71,74
Cincinnati Bearcats,Seton Hall,H,L,76,83
Cincinnati Bearcats,St. John's (NY),H,L,50,52
Cincinnati Bearcats,Notre Dame,A,W,60,58
Cincinnati Bearcats,South Florida,A,W,78,70
Cincinnati Bearcats,Louisville,H,L,60,68
Cincinnati Bearcats,Providence,A,W,92,88
Cincinnati Bearcats,Notre Dame,H,L,65,83
Cincinnati Bearcats,Syracuse,A,L,54,71
Cincinnati Bearcats,Connecticut,H,W,60,48
Cincinnati Bearcats,South Florida,H,L,57,65
Cincinnati Bearcats,Marquette,A,L,76,79
Cincinnati Bearcats,DePaul,A,W,74,69
Cincinnati Bearcats,West Virginia,H,L,68,74
Cincinnati Bearcats,Villanova,A,L,73,77
Cincinnati Bearcats,Georgetown,H,L,47,74
Cincinnati Bearcats,Rutgers,N,W,69,68
Cincinnati Bearcats,Louisville,N,W,69,66
Cincinnati Bearcats,West Virginia,N,L,51,54
Cincinnati Bearcats,Weber State,A,W,76,62
Cincinnati Bearcats,Dayton,A,L,66,81
Citadel Bulldogs,Charleston Southern,A,L,60,61
Citadel Bulldogs,Eastern Michigan,N,W,63,56
Citadel Bulldogs,Missouri State,H,L,55,72
Citadel Bulldogs,Maryland-Eastern Shore,N,W,88,62
Citadel Bulldogs,West Virginia,N,L,50,69
Citadel Bulldogs,Central Connecticut State,A,W,67,53
Citadel Bulldogs,Davidson,A,L,63,74
Citadel Bulldogs,Georgia Southern,A,W,68,43
Citadel Bulldogs,Michigan State,A,L,56,69
Citadel Bulldogs,Texas A&M,H,L,50,71
Citadel Bulldogs,Houston,H,L,58,81
Citadel Bulldogs,Savannah State,H,W,54,47
Citadel Bulldogs,Appalachian State,H,W,62,58
Citadel Bulldogs,College of Charleston,A,L,55,61
Citadel Bulldogs,Chattanooga,H,L,54,56
Citadel Bulldogs,Samford,H,W,51,50
Citadel Bulldogs,Wofford,A,L,42,44
Citadel Bulldogs,Furman,A,W,70,60
Citadel Bulldogs,Georgia Southern,H,L,58,61
Citadel Bulldogs,Davidson,H,L,63,67
Citadel Bulldogs,Samford,A,W,61,57
Citadel Bulldogs,Chattanooga,A,W,68,60
Citadel Bulldogs,College of Charleston,H,W,72,65
Citadel Bulldogs,Elon,H,W,77,72
Citadel Bulldogs,Western Carolina,A,W,73,56
Citadel Bulldogs,North Carolina-Greensboro,A,L,53,59
Citadel Bulldogs,Furman,H,L,44,59
Citadel Bulldogs,Wofford,H,L,66,75
Citadel Bulldogs,Samford,N,W,55,43
Citadel Bulldogs,Appalachian State,N,L,61,71
Clemson Tigers,Liberty,H,W,79,39
Clemson Tigers,North Carolina-Greensboro,H,W,89,67
Clemson Tigers,Winthrop,A,W,102,66
Clemson Tigers,Texas A&M,N,L,60,69
Clemson Tigers,Long Beach State,N,W,87,79
Clemson Tigers,Butler,N,W,70,69
Clemson Tigers,Illinois,A,L,74,76
Clemson Tigers,South Carolina,A,W,72,61
Clemson Tigers,Furman,A,W,82,53
Clemson Tigers,East Carolina,H,W,80,63
Clemson Tigers,College of Charleston,A,W,94,55
Clemson Tigers,Western Carolina,A,W,79,57
Clemson Tigers,South Carolina State,A,W,70,67
Clemson Tigers,Duke,H,L,53,74
Clemson Tigers,Boston College,A,W,72,56
Clemson Tigers,North Carolina,A,W,83,64
Clemson Tigers,North Carolina State,H,W,73,70
Clemson Tigers,Georgia Tech,H,L,64,66
Clemson Tigers,Duke,A,L,47,60
Clemson Tigers,Boston College,H,L,69,75
Clemson Tigers,Maryland,A,W,62,53
Clemson Tigers,Virginia Tech,H,L,59,70
Clemson Tigers,Florida State,A,W,77,67
Clemson Tigers,Miami (FL),A,W,74,66
Clemson Tigers,Virginia,A,W,72,49
Clemson Tigers,Maryland,H,L,79,88
Clemson Tigers,Florida State,H,W,53,50
Clemson Tigers,Georgia Tech,A,W,91,80
Clemson Tigers,Wake Forest,H,L,65,70
Clemson Tigers,North Carolina State,N,L,57,59
Clemson Tigers,Missouri,N,L,78,86
Cleveland State Vikings,St. Bonaventure,H,L,62,72
Cleveland State Vikings,Florida A&M,A,W,78,64
Cleveland State Vikings,Sam Houston State,A,W,80,65
Cleveland State Vikings,Kentucky,N,L,49,73
Cleveland State Vikings,Virginia,N,L,65,76
Cleveland State Vikings,Wichita State,A,L,54,69
Cleveland State Vikings,Wright State,H,L,64,73
Cleveland State Vikings,Detroit Mercy,H,L,62,69
Cleveland State Vikings,Robert Morris,A,L,70,78
Cleveland State Vikings,West Virginia,A,L,78,80
Cleveland State Vikings,Ohio State,H,L,59,72
Cleveland State Vikings,Kansas State,H,L,56,85
Cleveland State Vikings,Youngstown State,H,W,70,48
Cleveland State Vikings,Loyola (IL),A,W,62,57
Cleveland State Vikings,Illinois-Chicago,A,W,70,63
Cleveland State Vikings,Butler,H,L,55,64
Cleveland State Vikings,Valparaiso,H,L,71,78
Cleveland State Vikings,Green Bay,A,W,64,50
Cleveland State Vikings,Milwaukee,A,W,73,72
Cleveland State Vikings,Youngstown State,A,W,77,69
Cleveland State Vikings,Illinois-Chicago,H,W,74,63
Cleveland State Vikings,Loyola (IL),H,W,59,56
Cleveland State Vikings,Valparaiso,A,W,80,71
Cleveland State Vikings,Butler,A,L,59,70
Cleveland State Vikings,Green Bay,H,L,57,74
Cleveland State Vikings,Milwaukee,H,L,59,69
Cleveland State Vikings,Toledo,A,W,87,63
Cleveland State Vikings,Detroit Mercy,A,L,54,65
Cleveland State Vikings,Wright State,A,W,68,63
Cleveland State Vikings,Loyola (IL),A,W,80,66
Cleveland State Vikings,Milwaukee,N,L,75,82
Coastal Carolina Chanticleers,College of Charleston,A,W,70,59
Coastal Carolina Chanticleers,Duke,H,L,49,74
Coastal Carolina Chanticleers,Elon,N,W,69,46
Coastal Carolina Chanticleers,Indiana State,N,W,77,62
Coastal Carolina Chanticleers,Cal State Northridge,N,L,69,76
Coastal Carolina Chanticleers,Virginia Military Institute,H,W,111,97
Coastal Carolina Chanticleers,Liberty,H,W,73,58
Coastal Carolina Chanticleers,Georgia Southern,H,W,69,58
Coastal Carolina Chanticleers,Savannah State,A,W,91,70
Coastal Carolina Chanticleers,Georgia Southern,A,W,76,64
Coastal Carolina Chanticleers,Winthrop,A,W,57,47
Coastal Carolina Chanticleers,North Carolina-Asheville,H,W,58,57
Coastal Carolina Chanticleers,Gardner-Webb,H,W,80,64
Coastal Carolina Chanticleers,Radford,A,L,52,62
Coastal Carolina Chanticleers,High Point,A,W,75,58
Coastal Carolina Chanticleers,Charleston Southern,H,W,64,56
Coastal Carolina Chanticleers,Winthrop,H,L,64,67
Coastal Carolina Chanticleers,Gardner-Webb,A,W,96,60
Coastal Carolina Chanticleers,North Carolina-Asheville,A,W,98,62
Coastal Carolina Chanticleers,High Point,H,L,65,69
Coastal Carolina Chanticleers,Radford,H,W,52,51
Coastal Carolina Chanticleers,Charleston Southern,A,W,47,37
Coastal Carolina Chanticleers,Liberty,A,W,71,48
Coastal Carolina Chanticleers,Virginia Military Institute,A,W,101,71
Coastal Carolina Chanticleers,Virginia Military Institute,A,W,82,73
Coastal Carolina Chanticleers,North Carolina-Asheville,A,W,92,73
Coastal Carolina Chanticleers,Winthrop,A,L,53,64
Coastal Carolina Chanticleers,Alabama-Birmingham,H,L,49,65
Colgate Raiders,Connecticut,H,L,63,77
Colgate Raiders,Yale,N,L,55,65
Colgate Raiders,Texas Christian,H,L,63,76
Colgate Raiders,Milwaukee,N,L,60,69
Colgate Raiders,St. Francis (NY),A,L,65,66
Colgate Raiders,Syracuse,H,L,58,92
Colgate Raiders,Maine,A,L,66,76
Colgate Raiders,Rutgers,H,L,67,76
Colgate Raiders,Stony Brook,A,L,55,66
Colgate Raiders,Dartmouth,H,W,63,44
Colgate Raiders,New Hampshire,H,L,55,63
Colgate Raiders,Longwood,A,W,95,80
Colgate Raiders,Central Connecticut State,A,W,64,45
Colgate Raiders,Army,A,W,68,58
Colgate Raiders,Lafayette,A,L,82,95
Colgate Raiders,American,H,L,63,73
Colgate Raiders,Lehigh,H,L,60,74
Colgate Raiders,Bucknell,A,L,61,62
Colgate Raiders,Holy Cross,A,W,69,68
Colgate Raiders,Navy,H,L,91,100
Colgate Raiders,Army,H,L,49,63
Colgate Raiders,Lafayette,H,W,74,73
Colgate Raiders,American,A,W,75,74
Colgate Raiders,Lehigh,A,L,81,91
Colgate Raiders,Bucknell,H,L,49,69
Colgate Raiders,Holy Cross,H,W,79,74
Colgate Raiders,Navy,A,W,85,73
Colgate Raiders,Lafayette,H,L,65,73
College of Charleston Cougars,Coastal Carolina,H,L,59,70
College of Charleston Cougars,Winthrop,A,W,69,57
College of Charleston Cougars,East Tennessee State,H,L,71,77
College of Charleston Cougars,Tennessee,H,L,69,86
College of Charleston Cougars,Georgia Southern,A,W,68,59
College of Charleston Cougars,Davidson,A,W,67,55
College of Charleston Cougars,North Carolina-Greensboro,H,W,67,64
College of Charleston Cougars,Charleston Southern,A,W,87,74
College of Charleston Cougars,Clemson,H,L,55,94
College of Charleston Cougars,Hawaii,H,L,71,84
College of Charleston Cougars,Southern Methodist,N,W,72,71
College of Charleston Cougars,Western Michigan,N,L,63,66
College of Charleston Cougars,South Carolina State,A,W,88,73
College of Charleston Cougars,North Carolina,A,W,82,79
College of Charleston Cougars,Citadel,H,W,61,55
College of Charleston Cougars,Samford,H,W,78,67
College of Charleston Cougars,Chattanooga,H,W,90,66
College of Charleston Cougars,Furman,A,W,92,80
College of Charleston Cougars,Wofford,A,W,70,68
College of Charleston Cougars,Western Carolina,H,L,90,100
College of Charleston Cougars,Davidson,H,L,71,86
College of Charleston Cougars,Georgia Southern,H,W,90,72
College of Charleston Cougars,Chattanooga,A,W,86,74
College of Charleston Cougars,Samford,A,W,75,54
College of Charleston Cougars,Citadel,A,L,65,72
College of Charleston Cougars,Elon,A,W,80,77
College of Charleston Cougars,Appalachian State,A,W,73,72
College of Charleston Cougars,George Mason,H,W,85,83
College of Charleston Cougars,Wofford,H,L,68,74
College of Charleston Cougars,Furman,H,W,69,66
College of Charleston Cougars,Chattanooga,N,W,96,69
College of Charleston Cougars,Appalachian State,N,L,54,77
College of Charleston Cougars,Eastern Kentucky,H,W,82,79
College of Charleston Cougars,Virginia Commonwealth,H,L,86,93
Colorado Buffaloes,Arkansas-Pine Bluff,A,W,88,72
Colorado Buffaloes,Coppin State,A,W,82,58
Colorado Buffaloes,Texas Southern,A,W,88,77
Colorado Buffaloes,Gonzaga,N,L,72,76
Colorado Buffaloes,Arizona,N,L,87,91
Colorado Buffaloes,San Francisco,A,W,78,54
Colorado Buffaloes,Oregon State,H,L,69,74
Colorado Buffaloes,Colorado State,H,L,62,77
Colorado Buffaloes,Cal State Northridge,A,W,92,58
Colorado Buffaloes,Yale,A,W,70,59
Colorado Buffaloes,Tulsa,H,L,59,84
Colorado Buffaloes,Miami (OH),A,W,67,65
Colorado Buffaloes,Texas,H,L,86,103
Colorado Buffaloes,Baylor,A,W,78,71
Colorado Buffaloes,Kansas State,A,L,81,87
Colorado Buffaloes,Oklahoma State,H,L,78,90
Colorado Buffaloes,Texas A&M,H,L,63,67
Colorado Buffaloes,Nebraska,A,W,72,60
Colorado Buffaloes,Iowa State,H,L,63,64
Colorado Buffaloes,Kansas,A,L,66,72
Colorado Buffaloes,Missouri,A,L,66,84
Colorado Buffaloes,Kansas State,H,L,51,68
Colorado Buffaloes,Oklahoma,A,W,77,67
Colorado Buffaloes,Kansas,H,L,74,94
Colorado Buffaloes,Missouri,H,L,63,92
Colorado Buffaloes,Iowa State,A,W,75,72
Colorado Buffaloes,Nebraska,H,W,81,68
Colorado Buffaloes,Texas Tech,A,W,101,90
Colorado Buffaloes,Texas Tech,N,L,67,82
Colorado State Rams,UC-Davis,N,W,91,73
Colorado State Rams,Oregon,H,L,55,68
Colorado State Rams,Indiana State,H,L,60,65
Colorado State Rams,San Francisco,A,W,91,75
Colorado State Rams,Northern Colorado,H,L,63,70
Colorado State Rams,Denver,A,W,64,59
Colorado State Rams,Colorado,A,W,77,62
Colorado State Rams,Montana,A,W,62,61
Colorado State Rams,Northern Arizona,A,W,64,56
Colorado State Rams,UCLA,H,L,63,75
Colorado State Rams,Fresno State,H,L,50,73
Colorado State Rams,Yale,A,W,93,71
Colorado State Rams,Wyoming,H,W,83,73
Colorado State Rams,Air Force,A,W,70,48
Colorado State Rams,Brigham Young,H,L,47,91
Colorado State Rams,Nevada-Las Vegas,A,L,72,80
Colorado State Rams,New Mexico,H,L,64,82
Colorado State Rams,Texas Christian,A,W,63,57
Colorado State Rams,San Diego State,A,L,52,64
Colorado State Rams,Utah,H,W,65,50
Colorado State Rams,Wyoming,A,W,80,64
Colorado State Rams,Air Force,H,W,51,47
Colorado State Rams,Brigham Young,A,L,70,92
Colorado State Rams,Nevada-Las Vegas,H,L,39,70
Colorado State Rams,New Mexico,A,L,66,72
Colorado State Rams,Texas Christian,H,L,67,73
Colorado State Rams,San Diego State,H,L,55,68
Colorado State Rams,Utah,A,W,76,67
Colorado State Rams,San Diego State,N,L,71,72
Colorado State Rams,Morehead State,H,L,60,74
Columbia Lions,DePaul,H,L,53,59
Columbia Lions,Longwood,A,W,72,61
Columbia Lions,Bucknell,A,W,73,59
Columbia Lions,Syracuse,H,L,60,85
Columbia Lions,Sacred Heart,H,L,55,60
Columbia Lions,Lehigh,A,W,75,70
Columbia Lions,Stony Brook,H,L,60,63
Columbia Lions,Wagner,H,W,102,91
Columbia Lions,Quinnipiac,H,L,51,63
Columbia Lions,Maine,A,L,59,65
Columbia Lions,American,A,W,56,51
Columbia Lions,Lafayette,H,L,74,91
Columbia Lions,St. Francis (NY),A,L,53,59
Columbia Lions,Cornell,H,L,53,74
Columbia Lions,Cornell,A,L,51,77
Columbia Lions,Harvard,A,L,45,74
Columbia Lions,Dartmouth,A,W,63,51
Columbia Lions,Brown,A,W,65,54
Columbia Lions,Yale,A,L,64,79
Columbia Lions,Princeton,H,L,45,55
Columbia Lions,Pennsylvania,H,W,66,62
Columbia Lions,Dartmouth,H,L,44,48
Columbia Lions,Harvard,H,L,57,77
Columbia Lions,Pennsylvania,A,W,56,55
Columbia Lions,Princeton,A,L,52,67
Columbia Lions,Yale,H,L,48,65
Columbia Lions,Brown,H,W,65,56
Connecticut Huskies,William & Mary,A,W,75,66
Connecticut Huskies,Colgate,A,W,77,63
Connecticut Huskies,Hofstra,A,W,76,67
Connecticut Huskies,Louisiana State,N,W,81,55
Connecticut Huskies,Duke,N,L,59,68
Connecticut Huskies,Boston University,A,W,92,64
Connecticut Huskies,Harvard,A,W,79,73
Connecticut Huskies,Kentucky,N,L,61,64
Connecticut Huskies,Central Florida,A,W,60,51
Connecticut Huskies,Maine,A,W,71,54
Connecticut Huskies,Iona,A,W,93,74
Connecticut Huskies,Cincinnati,H,L,69,71
Connecticut Huskies,Notre Dame,A,W,82,70
Connecticut Huskies,Seton Hall,A,W,71,63
Connecticut Huskies,Georgetown,H,L,69,72
Connecticut Huskies,Pittsburgh,A,L,57,67
Connecticut Huskies,Michigan,H,L,63,68
Connecticut Huskies,St. John's (NY),A,W,75,59
Connecticut Huskies,Texas,A,W,88,74
Connecticut Huskies,Providence,H,L,66,81
Connecticut Huskies,Marquette,A,L,68,70
Connecticut Huskies,Louisville,H,L,69,82
Connecticut Huskies,DePaul,A,W,64,57
Connecticut Huskies,Syracuse,H,L,67,72
Connecticut Huskies,Cincinnati,A,L,48,60
Connecticut Huskies,Villanova,H,W,84,75
Connecticut Huskies,Rutgers,H,W,76,58
Connecticut Huskies,West Virginia,A,W,73,62
Connecticut Huskies,Louisville,A,L,76,78
Connecticut Huskies,Notre Dame,H,L,50,58
Connecticut Huskies,South Florida,H,L,68,75
Connecticut Huskies,St. John's (NY),N,L,51,73
Connecticut Huskies,Northeastern,A,W,59,57
Connecticut Huskies,Virginia Tech,H,L,63,65
Coppin State Eagles,Colorado,H,L,58,82
Coppin State Eagles,Maryland-Baltimore County,H,W,77,66
Coppin State Eagles,Southern California,H,L,43,74
Coppin State Eagles,Morgan State,A,L,67,80
Coppin State Eagles,Loyola (MD),A,W,63,58
Coppin State Eagles,West Virginia,H,L,43,69
Coppin State Eagles,Michigan,H,L,46,76
Coppin State Eagles,Navy,H,L,75,78
Coppin State Eagles,Oklahoma State,H,L,61,79
Coppin State Eagles,Hampton,H,L,67,69
Coppin State Eagles,Howard,H,L,53,59
Coppin State Eagles,South Carolina State,H,L,65,87
Coppin State Eagles,Maryland-Eastern Shore,A,L,62,70
Coppin State Eagles,Delaware State,A,L,59,63
Coppin State Eagles,North Carolina A&T,H,L,62,67
Coppin State Eagles,Norfolk State,H,L,71,80
Coppin State Eagles,Bethune-Cookman,A,L,58,65
Coppin State Eagles,Florida A&M,A,W,70,44
Coppin State Eagles,South Carolina State,A,W,79,61
Coppin State Eagles,Maryland-Eastern Shore,H,L,52,66
Coppin State Eagles,Delaware State,H,L,43,59
Coppin State Eagles,North Carolina A&T,A,W,77,65
Coppin State Eagles,Norfolk State,A,L,57,67
Coppin State Eagles,Morgan State,H,L,54,74
Coppin State Eagles,Maryland-Eastern Shore,N,L,58,64
Cornell Big Red,Alabama,H,W,71,67
Cornell Big Red,Massachusetts,H,W,74,61
Cornell Big Red,Seton Hall,A,L,79,89
Cornell Big Red,Syracuse,H,L,73,88
Cornell Big Red,Toledo,N,W,78,60
Cornell Big Red,Vermont,N,W,67,59
Cornell Big Red,Drexel,H,W,61,54
Cornell Big Red,Bucknell,H,W,104,98
Cornell Big Red,Saint Joseph's,A,W,78,66
Cornell Big Red,Davidson,N,W,91,88
Cornell Big Red,St. John's (NY),H,W,71,66
Cornell Big Red,La Salle,H,W,78,75
Cornell Big Red,Kansas,H,L,66,71
Cornell Big Red,Columbia,A,W,74,53
Cornell Big Red,Columbia,H,W,77,51
Cornell Big Red,Dartmouth,A,W,71,37
Cornell Big Red,Harvard,A,W,86,50
Cornell Big Red,Yale,A,W,90,71
Cornell Big Red,Brown,A,W,74,60
Cornell Big Red,Pennsylvania,H,L,64,79
Cornell Big Red,Princeton,H,W,48,45
Cornell Big Red,Harvard,H,W,79,70
Cornell Big Red,Dartmouth,H,W,88,70
Cornell Big Red,Princeton,A,W,50,47
Cornell Big Red,Pennsylvania,A,W,68,48
Cornell Big Red,Brown,H,W,95,76
Cornell Big Red,Yale,H,W,79,59
Cornell Big Red,Temple,N,W,78,65
Cornell Big Red,Wisconsin,N,W,87,69
Cornell Big Red,Kentucky,N,L,45,62
Creighton Bluejays,Dayton,H,L,80,90
Creighton Bluejays,Florida A&M,A,W,78,53
Creighton Bluejays,Arkansas-Little Rock,A,W,80,65
Creighton Bluejays,Michigan,N,L,76,83
Creighton Bluejays,Xavier,N,L,67,80
Creighton Bluejays,Iona,N,L,55,63
Creighton Bluejays,Nebraska,A,W,67,61
Creighton Bluejays,George Mason,H,L,72,75
Creighton Bluejays,Savannah State,A,W,77,62
Creighton Bluejays,New Mexico,H,L,61,66
Creighton Bluejays,Northern Iowa,A,L,52,60
Creighton Bluejays,Indiana State,H,L,64,70
Creighton Bluejays,Evansville,H,W,72,64
Creighton Bluejays,Drake,A,W,73,69
Creighton Bluejays,Wichita State,H,L,58,70
Creighton Bluejays,Southern Illinois,A,W,71,69
Creighton Bluejays,Wichita State,A,W,57,56
Creighton Bluejays,Illinois State,H,L,62,71
Creighton Bluejays,Missouri State,A,W,76,72
Creighton Bluejays,Bradley,H,W,73,68
Creighton Bluejays,Drake,H,L,74,79
Creighton Bluejays,Evansville,A,W,84,71
Creighton Bluejays,Missouri State,H,L,52,70
Creighton Bluejays,Indiana State,A,W,65,52
Creighton Bluejays,Illinois State,A,L,63,67
Creighton Bluejays,Northern Iowa,H,L,52,70
Creighton Bluejays,Loyola (IL),A,W,78,58
Creighton Bluejays,Southern Illinois,H,W,83,78
Creighton Bluejays,Bradley,A,W,82,71
Creighton Bluejays,Bradley,N,L,62,81
Creighton Bluejays,Fairfield,A,W,73,55
Creighton Bluejays,Missouri State,H,L,61,67
Dartmouth Big Green,Boston College,H,L,58,89
Dartmouth Big Green,George Mason,H,L,44,60
Dartmouth Big Green,Furman,H,L,60,83
Dartmouth Big Green,Loyola (MD),A,L,41,58
Dartmouth Big Green,Hartford,A,W,68,56
Dartmouth Big Green,Vermont,A,L,58,63
Dartmouth Big Green,Army,A,L,46,59
Dartmouth Big Green,Lehigh,H,L,58,66
Dartmouth Big Green,New Hampshire,H,L,59,69
Dartmouth Big Green,Colgate,A,L,44,63
Dartmouth Big Green,Quinnipiac,H,L,51,73
Dartmouth Big Green,Bucknell,A,W,49,43
Dartmouth Big Green,Harvard,H,L,47,76
Dartmouth Big Green,St. Francis (NY),A,W,65,64
Dartmouth Big Green,Harvard,A,L,58,62
Dartmouth Big Green,Cornell,H,L,37,71
Dartmouth Big Green,Columbia,H,L,51,63
Dartmouth Big Green,Pennsylvania,A,L,51,53
Dartmouth Big Green,Princeton,A,L,38,54
Dartmouth Big Green,Brown,H,L,60,75
Dartmouth Big Green,Yale,H,L,56,69
Dartmouth Big Green,Columbia,A,W,48,44
Dartmouth Big Green,Cornell,A,L,70,88
Dartmouth Big Green,Yale,A,L,45,55
Dartmouth Big Green,Brown,A,L,57,76
Dartmouth Big Green,Princeton,H,L,43,71
Dartmouth Big Green,Pennsylvania,H,L,68,78
Davidson Wildcats,Butler,H,L,62,73
Davidson Wildcats,South Florida,N,L,58,65
Davidson Wildcats,La Salle,N,L,70,84
Davidson Wildcats,Penn State,N,L,57,59
Davidson Wildcats,Rhode Island,A,L,65,75
Davidson Wildcats,Citadel,H,W,74,63
Davidson Wildcats,College of Charleston,H,L,55,67
Davidson Wildcats,Gonzaga,N,L,91,103
Davidson Wildcats,Cornell,N,L,88,91
Davidson Wildcats,Hofstra,N,W,61,52
Davidson Wildcats,Pennsylvania,A,W,79,50
Davidson Wildcats,Massachusetts,A,W,63,61
Davidson Wildcats,Samford,A,W,66,56
Davidson Wildcats,Appalachian State,A,L,68,78
Davidson Wildcats,Furman,H,W,86,81
Davidson Wildcats,Wofford,H,L,62,68
Davidson Wildcats,Western Carolina,A,L,67,77
Davidson Wildcats,Georgia Southern,H,W,91,87
Davidson Wildcats,College of Charleston,A,W,86,71
Davidson Wildcats,Citadel,A,W,67,63
Davidson Wildcats,Georgia Southern,A,W,84,74
Davidson Wildcats,Appalachian State,H,L,56,66
Davidson Wildcats,Western Carolina,H,W,75,72
Davidson Wildcats,Wofford,A,L,51,73
Davidson Wildcats,Furman,A,W,61,58
Davidson Wildcats,Chattanooga,H,L,73,78
Davidson Wildcats,North Carolina-Greensboro,A,W,60,56
Davidson Wildcats,Elon,H,W,99,96
Davidson Wildcats,Elon,N,L,59,66
Dayton Flyers,Creighton,A,W,90,80
Dayton Flyers,Georgia Tech,N,W,63,59
Dayton Flyers,Villanova,N,L,65,71
Dayton Flyers,Kansas State,N,L,75,83
Dayton Flyers,Towson,A,W,74,69
Dayton Flyers,Miami (OH),H,W,65,58
Dayton Flyers,Lehigh,A,W,89,71
Dayton Flyers,George Mason,H,W,56,55
Dayton Flyers,Old Dominion,A,W,58,50
Dayton Flyers,Appalachian State,A,W,65,49
Dayton Flyers,Boston University,A,W,74,60
Dayton Flyers,New Mexico,H,L,66,68
Dayton Flyers,Ball State,A,W,59,35
Dayton Flyers,Duquesne,A,W,78,72
Dayton Flyers,Fordham,H,W,74,58
Dayton Flyers,Xavier,H,L,74,78
Dayton Flyers,George Washington,A,W,66,51
Dayton Flyers,Saint Joseph's,H,L,59,60
Dayton Flyers,Rhode Island,A,L,64,65
Dayton Flyers,St. Bonaventure,H,W,75,58
Dayton Flyers,Xavier,A,W,90,65
Dayton Flyers,Charlotte,A,W,75,47
Dayton Flyers,Saint Louis,H,L,65,68
Dayton Flyers,La Salle,A,W,68,54
Dayton Flyers,Duquesne,H,L,71,73
Dayton Flyers,Temple,H,L,41,49
Dayton Flyers,Massachusetts,A,W,96,68
Dayton Flyers,Richmond,H,L,56,60
Dayton Flyers,Saint Louis,A,L,66,71
Dayton Flyers,George Washington,A,W,70,60
Dayton Flyers,Xavier,N,L,73,78
Dayton Flyers,Illinois State,A,W,63,42
Dayton Flyers,Cincinnati,H,W,81,66
Dayton Flyers,Illinois,H,W,77,71
Dayton Flyers,Mississippi,N,W,68,63
Dayton Flyers,North Carolina,N,W,79,68
Delaware Fightin' Blue Hens,Temple,A,L,56,76
Delaware Fightin' Blue Hens,Bucknell,A,L,66,82
Delaware Fightin' Blue Hens,Pennsylvania,H,W,97,94
Delaware Fightin' Blue Hens,Siena,H,L,56,90
Delaware Fightin' Blue Hens,Virginia Tech,N,L,66,74
Delaware Fightin' Blue Hens,Delaware State,H,L,67,75
Delaware Fightin' Blue Hens,Old Dominion,H,L,44,65
Delaware Fightin' Blue Hens,Hampton,A,W,55,52
Delaware Fightin' Blue Hens,Ohio,A,L,70,86
Delaware Fightin' Blue Hens,Vermont,H,W,56,50
Delaware Fightin' Blue Hens,Villanova,H,L,63,97
Delaware Fightin' Blue Hens,Lafayette,A,W,82,72
Delaware Fightin' Blue Hens,Drexel,A,W,62,58
Delaware Fightin' Blue Hens,James Madison,H,L,65,71
Delaware Fightin' Blue Hens,William & Mary,A,L,73,74
Delaware Fightin' Blue Hens,Virginia Commonwealth,H,L,64,77
Delaware Fightin' Blue Hens,Northeastern,H,L,55,59
Delaware Fightin' Blue Hens,Towson,A,L,68,71
Delaware Fightin' Blue Hens,Old Dominion,A,L,49,68
Delaware Fightin' Blue Hens,Georgia State,A,W,76,74
Delaware Fightin' Blue Hens,George Mason,H,L,66,77
Delaware Fightin' Blue Hens,Hofstra,H,L,67,77
Delaware Fightin' Blue Hens,Northeastern,A,L,51,67
Delaware Fightin' Blue Hens,North Carolina-Wilmington,A,W,69,62
Delaware Fightin' Blue Hens,William & Mary,H,L,54,67
Delaware Fightin' Blue Hens,Drexel,H,L,60,68
Delaware Fightin' Blue Hens,Hofstra,A,L,69,82
Delaware Fightin' Blue Hens,Boston University,A,L,65,78
Delaware Fightin' Blue Hens,George Mason,A,L,59,61
Delaware Fightin' Blue Hens,Towson,H,L,66,81
Delaware Fightin' Blue Hens,Virginia Commonwealth,H,L,49,66
Delaware State Hornets,Maine,A,L,56,59
Delaware State Hornets,Delaware,A,W,75,67
Delaware State Hornets,Maryland-Eastern Shore,H,L,50,53
Delaware State Hornets,Arkansas,H,L,53,71
Delaware State Hornets,Arizona State,H,L,34,76
Delaware State Hornets,Ohio State,H,L,44,60
Delaware State Hornets,UCLA,H,L,49,66
Delaware State Hornets,Lehigh,A,L,66,73
Delaware State Hornets,South Carolina State,A,W,67,58
Delaware State Hornets,Bethune-Cookman,H,W,77,60
Delaware State Hornets,Florida A&M,H,W,64,57
Delaware State Hornets,Morgan State,H,L,62,72
Delaware State Hornets,Coppin State,H,W,63,59
Delaware State Hornets,Hampton,A,W,58,56
Delaware State Hornets,Howard,A,W,54,45
Delaware State Hornets,North Carolina A&T,H,L,54,65
Delaware State Hornets,Norfolk State,H,W,54,52
Delaware State Hornets,Bethune-Cookman,A,W,67,50
Delaware State Hornets,Florida A&M,A,W,66,63
Delaware State Hornets,Morgan State,A,L,65,68
Delaware State Hornets,Coppin State,A,W,59,43
Delaware State Hornets,Hampton,H,L,45,64
Delaware State Hornets,Maryland-Eastern Shore,A,W,57,37
Delaware State Hornets,Bethune-Cookman,N,W,57,55
Delaware State Hornets,South Carolina State,N,L,66,70
Denver Pioneers,Northern Iowa,A,L,65,71
Denver Pioneers,Arkansas-Pine Bluff,A,W,75,56
Denver Pioneers,Montana,A,W,56,49
Denver Pioneers,Wyoming,A,W,80,77
Denver Pioneers,South Dakota State,H,W,83,80
Denver Pioneers,Lamar,A,W,62,55
Denver Pioneers,Colorado State,H,L,59,64
Denver Pioneers,Cal State Northridge,A,W,89,82
Denver Pioneers,Portland,H,L,62,72
Denver Pioneers,Florida International,A,W,59,53
Denver Pioneers,Louisiana-Monroe,A,W,87,65
Denver Pioneers,Northern Colorado,H,L,57,72
Denver Pioneers,Arkansas State,A,W,64,55
Denver Pioneers,Troy,H,L,46,64
Denver Pioneers,New Orleans,A,W,75,66
Denver Pioneers,Western Kentucky,A,W,72,67
Denver Pioneers,Louisiana-Lafayette,H,L,49,55
Denver Pioneers,Louisiana-Monroe,H,L,53,64
Denver Pioneers,South Alabama,A,W,71,48
Denver Pioneers,Arkansas-Little Rock,H,L,57,69
Denver Pioneers,Arkansas State,H,L,62,73
Denver Pioneers,Florida Atlantic,A,W,73,63
Denver Pioneers,Middle Tennessee,H,L,50,57
Denver Pioneers,North Texas,H,L,59,64
Denver Pioneers,Arkansas-Little Rock,A,W,62,57
Denver Pioneers,New Orleans,H,W,53,45
Denver Pioneers,South Alabama,H,L,52,54
Denver Pioneers,Louisiana-Lafayette,A,W,63,47
Denver Pioneers,Florida International,N,W,71,64
Denver Pioneers,Middle Tennessee,N,W,73,58
Denver Pioneers,North Texas,N,L,56,63
DePaul Blue Demons,Columbia,A,W,59,53
DePaul Blue Demons,Northern Iowa,N,W,60,52
DePaul Blue Demons,Tennessee,N,L,53,57
DePaul Blue Demons,Saint Joseph's,N,W,58,51
DePaul Blue Demons,Detroit Mercy,A,W,68,66
DePaul Blue Demons,Alabama State,A,W,58,50
DePaul Blue Demons,Vanderbilt,H,L,54,67
DePaul Blue Demons,Mississippi State,N,L,45,76
DePaul Blue Demons,Illinois-Chicago,A,W,77,56
DePaul Blue Demons,American,A,L,57,62
DePaul Blue Demons,Texas State,A,W,86,69
DePaul Blue Demons,Pittsburgh,H,L,52,65
DePaul Blue Demons,Georgetown,A,L,50,67
DePaul Blue Demons,Villanova,H,L,72,99
DePaul Blue Demons,Providence,A,L,62,79
DePaul Blue Demons,St. John's (NY),H,L,47,67
DePaul Blue Demons,Marquette,A,W,51,50
DePaul Blue Demons,Notre Dame,H,L,77,87
DePaul Blue Demons,West Virginia,A,L,46,62
DePaul Blue Demons,Syracuse,A,L,57,59
DePaul Blue Demons,Marquette,H,L,69,80
DePaul Blue Demons,Connecticut,H,L,57,64
DePaul Blue Demons,Seton Hall,H,L,71,79
DePaul Blue Demons,Rutgers,A,L,64,68
DePaul Blue Demons,Louisville,A,L,59,68
DePaul Blue Demons,Cincinnati,H,L,69,74
DePaul Blue Demons,Rutgers,H,L,62,71
DePaul Blue Demons,South Florida,A,L,59,63
DePaul Blue Demons,St. John's (NY),A,L,82,90
DePaul Blue Demons,South Florida,N,L,49,58
Detroit Mercy Titans,University of California,H,L,61,95
Detroit Mercy Titans,Western Michigan,A,W,86,80
Detroit Mercy Titans,Robert Morris,N,W,71,59
Detroit Mercy Titans,Albany (NY),H,W,66,54
Detroit Mercy Titans,Alcorn State,N,W,79,59
Detroit Mercy Titans,DePaul,H,L,66,68
Detroit Mercy Titans,Youngstown State,A,W,82,71
Detroit Mercy Titans,Cleveland State,A,W,69,62
Detroit Mercy Titans,Tennessee State,A,L,69,70
Detroit Mercy Titans,Michigan,H,L,64,75
Detroit Mercy Titans,Bowling Green State,A,W,73,69
Detroit Mercy Titans,Central Michigan,A,W,76,58
Detroit Mercy Titans,Illinois-Chicago,H,L,56,60
Detroit Mercy Titans,Loyola (IL),H,W,59,42
Detroit Mercy Titans,Valparaiso,A,W,77,67
Detroit Mercy Titans,Butler,A,L,62,64
Detroit Mercy Titans,Milwaukee,H,W,81,65
Detroit Mercy Titans,Green Bay,H,L,72,74
Detroit Mercy Titans,Loyola (IL),A,W,83,63
Detroit Mercy Titans,Wright State,A,L,59,61
Detroit Mercy Titans,Illinois-Chicago,A,W,76,73
Detroit Mercy Titans,Butler,H,L,58,63
Detroit Mercy Titans,Valparaiso,H,L,70,74
Detroit Mercy Titans,Chicago State,A,W,92,72
Detroit Mercy Titans,Green Bay,A,L,62,64
Detroit Mercy Titans,Milwaukee,A,L,60,71
Detroit Mercy Titans,Wright State,H,L,53,70
Detroit Mercy Titans,Eastern Michigan,A,W,68,66
Detroit Mercy Titans,Cleveland State,H,W,65,54
Detroit Mercy Titans,Youngstown State,H,W,62,54
Detroit Mercy Titans,Valparaiso,H,W,89,82
Detroit Mercy Titans,Green Bay,N,W,62,53
